timestamp,ticker,price,change_7d_pct,sma_7,sma_14,rsi_14,action,confidence,time_horizon,price_target,stop_loss,reasoning,trade_shares,trade_usd,trade_note,portfolio_value,buying_power,macd,macd_signal,macd_hist,vwap_14
2026-04-10 17:19,NVDA,188.38,7.18,180.46,176.51,65.7,HOLD,6,short-term (days),,,"NVDA shows strong momentum with 7.2% weekly gain and price above both SMAs, supported by positive AI infrastructure news. However, RSI at 65.7 suggests limited upside before potential pullback, and the stock has risen 12.7% in just 4 trading days indicating possible overextension.",0,0,Holding — no order placed,100000.0,200000.0,,,,
2026-04-10 17:19,AAPL,259.6,1.55,257.56,254.34,62.2,HOLD,6,short-term (days),,,"AAPL shows mixed signals with price above both SMAs indicating upward momentum, but RSI at 62.2 suggests limited upside before potential overbought conditions. Recent volatility (high of $260.49, low of $246.63) and lack of strong directional catalyst warrant caution.",0,0,Holding — no order placed,100000.0,200000.0,,,,
2026-04-10 17:19,TSLA,344.62,-9.61,353.54,363.26,32.4,HOLD,6,short-term (days),,,"TSLA shows technical oversold signals with RSI at 32.4 and trading below both SMA-7 and SMA-14, suggesting potential reversal opportunity. However, the stock is experiencing significant downward momentum with -9.6% weekly decline and approaching an 8-week losing streak, indicating strong bearish sentiment that may persist.",0,0,Holding — no order placed,100000.0,200000.0,,,,
2026-04-10 17:19,META,627.75,8.38,595.76,581.71,56.0,HOLD,6,short-term (days),,,"META shows strong recent momentum (+8.4% in 7 days) and is trading above both SMAs, but the stock experienced significant volatility with a 13% drop on March 26th before recovering. The RSI at 56 suggests neutral momentum, and entering after such a strong rally increases risk of a pullback.",0,0,Holding — no order placed,100000.0,200000.0,,,,
2026-04-10 17:19,AMD,245.19,16.64,226.15,215.47,73.4,HOLD,4,short-term (days),,,"AMD shows strong momentum with +16.6% weekly gains and positive AI sector news, but RSI at 73.4 indicates overbought conditions. The stock has risen over 20% from recent lows, suggesting a potential pullback is due before establishing a position.",0,0,Holding — no order placed,100000.0,200000.0,,,,
2026-04-10 17:19,COIN,168.24,-2.75,172.4,174.25,26.0,HOLD,6,short-term (days),,,"While COIN shows oversold conditions (RSI 26) and has declined 16% from recent highs, the stock remains above key support levels and crypto regulatory news could provide catalysts. However, the downtrend momentum and trading below both 7-day and 14-day SMAs suggest waiting for clearer reversal signals before entering.",0,0,Holding — no order placed,100000.0,200000.0,,,,
2026-04-10 19:31,NVDA,189.19,7.65,180.58,176.57,66.3,HOLD,6,short-term (days),,,"NVDA shows strong momentum with +7.7% weekly gains and price above both SMAs, supported by positive AI-related news. However, RSI at 66.3 approaches overbought territory and the stock has risen 13% in just 4 days, suggesting a potential pullback may be due before establishing a position.",0,0,Holding — no order placed,100000.0,200000.0,,,,
2026-04-10 19:31,AAPL,259.49,1.51,257.54,254.33,62.0,HOLD,6,short-term (days),,,"AAPL shows mixed signals with price above both SMAs indicating uptrend, but recent volatility and lack of stock-specific catalysts warrant caution. RSI at 62 suggests room to run but not oversold opportunity.",0,0,Holding — no order placed,100000.0,200000.0,,,,
2026-04-10 19:31,TSLA,346.51,-9.11,353.81,363.39,33.3,HOLD,6,short-term (days),,,"TSLA shows mixed signals with RSI at 33.3 indicating oversold conditions but price remains below both SMA-7 ($353.81) and SMA-14 ($363.39), suggesting continued bearish momentum. The 8-week losing streak and -9.1% weekly decline indicate significant weakness that hasn't yet stabilized.",0,0,Holding — no order placed,100000.0,200000.0,,,,
2026-04-10 19:31,META,628.03,8.42,595.8,581.73,56.1,HOLD,6,short-term (days),,,"META shows mixed signals with strong recent momentum (+8.4% in 7 days) but concerning volatility including a sharp 8% drop on March 26th. The stock is trading 5.4% above its 7-day SMA and RSI at 56.1 suggests neutral momentum, but the recent recovery may be overextended after such dramatic swings.",0,0,Holding — no order placed,100000.0,200000.0,,,,
2026-04-10 19:31,AMD,245.75,16.91,226.23,215.51,73.5,HOLD,4,short-term (days),,,"AMD shows strong momentum with +16.9% weekly gain and positive AI chip news, but RSI at 73.5 indicates overbought conditions. The stock has risen 21% from recent lows with high volatility, suggesting a pullback may be imminent.",0,0,Holding — no order placed,100000.0,200000.0,,,,
2026-04-10 19:31,COIN,167.83,-2.98,172.34,174.22,25.9,HOLD,6,short-term (days),,,"COIN shows oversold conditions (RSI 25.9) after a 16% decline from recent highs, suggesting potential bounce opportunity. However, the stock remains below both SMA-7 and SMA-14 with continued downward momentum, indicating the trend hasn't reversed yet.",0,0,Holding — no order placed,100000.0,200000.0,,,,
2026-04-10 22:06,NVDA,188.63,7.33,180.5,176.53,65.9,HOLD,6,short-term (days),,,"NVDA shows strong momentum with +7.3% weekly gain and price above both SMAs, but RSI at 65.9 suggests limited upside before potential pullback. The recent rally from $165 to $188 (+14%) warrants caution for new entries at current levels.",0,0,Holding — no order placed,100000.0,200000.0,,,,
2026-04-10 22:06,AAPL,260.48,1.9,257.68,254.4,63.9,BUY,7,medium-term (weeks),275,245,"AAPL shows positive momentum with price above both SMA-7 and SMA-14, indicating an uptrend. RSI at 63.9 suggests room for further upside before overbought conditions, and the recent 1.9% weekly gain demonstrates continued strength.",0,0,Order failed: 422 Client Error: Unprocessable Entity for url: https://paper-api.alpaca.markets/v2/orders,100000.0,200000.0,,,,
2026-04-10 22:06,TSLA,348.95,-8.47,354.16,363.57,34.9,HOLD,6,short-term (days),,,"TSLA shows technical oversold conditions (RSI 34.9) after an 8.5% decline, but the stock remains in a clear downtrend trading below both 7-day and 14-day SMAs. While the price may be approaching a potential bounce level, the 8-week losing streak and lack of clear catalysts suggest waiting for stronger confirmation of trend reversal.",0,0,Holding — no order placed,100000.0,200000.0,,,,
2026-04-10 22:06,META,629.86,8.74,596.06,581.86,56.5,HOLD,6,short-term (days),,,"META shows strong recent momentum (+8.7% in 7 days) and is trading well above both SMAs, but the stock experienced significant volatility with a sharp drop from $604 to $525 before recovering. The RSI at 56.5 suggests neutral territory, but given the rapid 19.8% recovery from recent lows, caution is warranted at current elevated levels.",0,0,Holding — no order placed,100000.0,200000.0,,,,
2026-04-10 22:06,AMD,245.04,16.57,226.13,215.46,73.3,HOLD,4,short-term (days),,,"AMD shows strong momentum with +16.6% weekly gains and positive AI chip news, but RSI at 73.3 indicates overbought conditions. The stock has risen 21% from recent lows around $202, suggesting a pullback may be imminent before continuation.",0,0,Holding — no order placed,100000.0,200000.0,,,,
2026-04-10 22:06,COIN,167.85,-2.97,172.34,174.22,25.9,BUY,7,short-term (days),185.0,155.0,"COIN shows oversold conditions with RSI at 25.9 and is trading well below both 7-day and 14-day SMAs, suggesting a potential bounce opportunity. The recent regulatory clarity push and Australian expansion news provide positive catalysts despite the 16% decline from recent highs.",0,0,Order failed: 422 Client Error: Unprocessable Entity for url: https://paper-api.alpaca.markets/v2/orders,100000.0,200000.0,,,,
2026-04-11 00:03,NVDA,188.63,7.33,180.5,176.53,65.9,HOLD,6,short-term (days),,,"NVDA shows strong momentum with +7.3% weekly gain and bullish technical setup (price above both SMAs, RSI at 65.9 approaching overbought). However, the stock has rallied significantly from $165 to $188 in just 10 days, suggesting potential for near-term consolidation before further upside.",0,0,Holding — no order placed,100000.0,200000.0,,,,
2026-04-11 00:03,AAPL,260.48,1.9,257.68,254.4,63.9,HOLD,6,short-term (days),,,"AAPL shows positive momentum with price above both SMA-7 and SMA-14, and RSI at 63.9 indicates room before overbought territory. However, recent volatility (ranging from $246.63 to $260.49) and approaching RSI warning levels suggest waiting for a better entry point or clearer directional confirmation.",0,0,Holding — no order placed,100000.0,200000.0,,,,
2026-04-11 00:03,TSLA,348.95,-8.47,354.16,363.57,34.9,HOLD,6,short-term (days),,,"TSLA shows oversold conditions with RSI at 34.9 and is trading below both 7-day and 14-day SMAs after an 8.5% decline. However, the stock is in an 8-week losing streak with mixed news sentiment, requiring confirmation of trend reversal before entry.",0,0,Holding — no order placed,100000.0,200000.0,,,,
2026-04-11 00:03,META,629.86,8.74,596.06,581.86,56.5,HOLD,6,short-term (days),,,"META shows strong recent momentum with +8.7% weekly gain and price well above both SMAs, but the stock has experienced high volatility with a 13% decline from $604 to $525 in late March before recovering. The RSI at 56.5 suggests neutral momentum without clear directional bias.",0,0,Holding — no order placed,100000.0,200000.0,,,,
2026-04-11 00:03,AMD,245.04,16.57,226.13,215.46,73.3,HOLD,4,short-term (days),,,"AMD shows strong momentum with +16.6% weekly gain and bullish news around AI chip competition, but RSI at 73.3 indicates overbought conditions. The 20.9% surge in just 14 days suggests a potential pullback is likely before sustainable upward movement.",0,0,Holding — no order placed,100000.0,200000.0,,,,
2026-04-11 00:03,COIN,167.85,-2.97,172.34,174.22,25.9,HOLD,6,short-term (days),,,"While COIN shows oversold conditions (RSI 25.9) suggesting potential bounce, the stock is in a clear downtrend with price below both SMA-7 and SMA-14, having declined 16% from recent highs. The positive regulatory news from Australia expansion is encouraging, but insufficient to overcome current technical weakness.",0,0,Holding — no order placed,100000.0,200000.0,,,,
2026-04-11 05:41,NVDA,188.63,7.33,180.5,176.53,65.9,HOLD,6,short-term (days),,,"NVDA shows strong momentum with +7.3% weekly gain and price above both SMAs, but RSI at 65.9 suggests near-term overbought conditions. The recent 13% rally from $167 to $188 warrants caution despite positive AI chip sentiment.",0,0,Holding — no order placed,100000.0,200000.0,,,,
2026-04-11 05:41,AAPL,260.48,1.9,257.68,254.4,63.9,HOLD,6,short-term (days),,,"While AAPL shows positive momentum with price above both SMAs and a 1.9% weekly gain, the RSI at 63.9 suggests the stock is approaching overbought territory. The recent volatility and lack of specific positive catalysts in the news warrant caution before entering a position.",0,0,Holding — no order placed,100000.0,200000.0,,,,
2026-04-11 05:41,TSLA,348.95,-8.47,354.16,363.57,34.9,HOLD,6,short-term (days),,,"TSLA shows technical oversold conditions with RSI at 34.9 and trading below both 7-day and 14-day SMAs, suggesting potential for a bounce. However, the stock is in an 8-week losing streak with recent -8.5% decline, and negative sentiment around new model developments creates significant uncertainty that prevents a high-confidence buy signal.",0,0,Holding — no order placed,100000.0,200000.0,,,,
2026-04-11 05:41,META,629.86,8.74,596.06,581.86,56.5,HOLD,6,short-term (days),,,"META shows strong recent momentum (+8.7% in 7 days) and is trading above both short and medium-term moving averages, but the stock has experienced high volatility with a sharp decline from $604 to $525 before recovering. The RSI at 56.5 suggests neutral territory, neither oversold nor overbought.",0,0,Holding — no order placed,100000.0,200000.0,,,,
2026-04-11 05:41,AMD,245.04,16.57,226.13,215.46,73.3,HOLD,4,short-term (days),,,"AMD shows strong momentum with +16.6% weekly gains and positive AI chip news, but RSI at 73.3 indicates overbought conditions. The stock has rallied 20.9% from its recent low of $196.04, suggesting a potential pullback is due before entering a position.",0,0,Holding — no order placed,100000.0,200000.0,,,,
2026-04-11 05:41,COIN,167.85,-2.97,172.34,174.22,25.9,HOLD,6,short-term (days),,,"COIN shows oversold conditions (RSI 25.9) and has declined 16% from recent highs, suggesting potential reversal opportunity. However, the stock remains below both 7-day and 14-day SMAs indicating continued downward momentum, warranting caution before entry.",0,0,Holding — no order placed,100000.0,200000.0,,,,
2026-04-11 08:07,NVDA,188.63,7.33,180.5,176.53,65.9,HOLD,6,short-term (days),,,"While NVDA shows strong momentum with +7.3% weekly gain and bullish technical setup (price above both SMAs), the RSI at 65.9 suggests the stock is approaching overbought territory. The recent rally from $165 to $188 (+14%) in just 8 trading days warrants caution for new entries at current levels.",0,0,Holding — no order placed,100000.0,200000.0,,,,
2026-04-11 08:07,AAPL,260.48,1.9,257.68,254.4,63.9,HOLD,6,short-term (days),,,"While AAPL shows positive momentum with price above both SMAs and recent upward trend, the RSI at 63.9 suggests the stock is approaching overbought territory. The recent volatility and lack of specific positive catalysts in the news warrants caution.",0,0,Holding — no order placed,100000.0,200000.0,,,,
2026-04-11 08:07,TSLA,348.95,-8.47,354.16,363.57,34.9,HOLD,6,short-term (days),,,"TSLA shows potential oversold conditions with RSI at 34.9 and trading below both 7-day and 14-day SMAs, but the 8-week losing streak and recent negative sentiment create significant uncertainty. The stock needs to demonstrate technical reversal signals before entry.",0,0,Holding — no order placed,100000.0,200000.0,,,,
2026-04-11 08:07,META,629.86,8.74,596.06,581.86,56.5,HOLD,6,short-term (days),,,"META shows strong recent momentum (+8.7% in 7 days) and is above both short and medium-term moving averages, indicating bullish sentiment. However, the stock experienced significant volatility with a sharp drop to $525 in late March followed by a strong recovery, and at $629.86 it's near recent highs, suggesting limited upside in the near term.",0,0,Holding — no order placed,100000.0,200000.0,,,,
2026-04-11 08:07,AMD,245.04,16.57,226.13,215.46,73.3,HOLD,4,short-term (days),,,"AMD shows strong momentum with 16.6% weekly gains and positive AI chip news, but RSI at 73.3 indicates overbought conditions with potential for near-term pullback. The rapid price appreciation from $196 to $245 suggests prudent risk management favors waiting for a better entry point.",0,0,Holding — no order placed,100000.0,200000.0,,,,
2026-04-11 08:07,COIN,167.85,-2.97,172.34,174.22,25.9,HOLD,6,short-term (days),,,"COIN shows oversold conditions (RSI 25.9) after a 16% decline from recent highs, but remains below both SMA-7 and SMA-14 indicating continued downward momentum. Mixed news flow with regulatory uncertainty and compliance issues creates additional volatility risk.",0,0,Holding — no order placed,100000.0,200000.0,,,,
2026-04-11 10:06,NVDA,188.63,7.33,180.5,176.53,65.9,HOLD,6,short-term (days),,,"NVDA shows strong momentum with +7.3% weekly gain and price above both SMAs, but RSI at 65.9 suggests approaching overbought territory. The recent rally from $165 to $188 (+14% in 8 days) warrants caution despite positive trend.",0,0,Holding — no order placed,100000.0,200000.0,,,,
2026-04-11 10:06,AAPL,260.48,1.9,257.68,254.4,63.9,HOLD,6,short-term (days),,,"While AAPL shows positive momentum with price above both SMAs and 1.9% weekly gain, the RSI at 63.9 suggests approaching overbought territory. The stock has experienced significant volatility recently and lacks strong fundamental catalysts in current news.",0,0,Holding — no order placed,100000.0,200000.0,,,,
2026-04-11 10:06,TSLA,348.95,-8.47,354.16,363.57,34.9,HOLD,6,short-term (days),,,"TSLA shows oversold conditions (RSI 34.9) after an 8-week losing streak, suggesting potential for a bounce, but the stock remains below both SMA-7 and SMA-14 indicating continued bearish momentum. Given the mixed technical signals and ongoing negative news flow, waiting for clearer reversal signals is prudent.",0,0,Holding — no order placed,100000.0,200000.0,,,,
2026-04-11 10:06,META,629.86,8.74,596.06,581.86,56.5,HOLD,6,short-term (days),,,"META shows strong recent momentum (+8.7% in 7 days) and is trading above both SMA-7 and SMA-14, indicating uptrend continuation. However, the stock has experienced significant volatility with a sharp drop to $525 followed by recovery to $629, and the RSI at 56.5 suggests limited oversold opportunity.",0,0,Holding — no order placed,100000.0,200000.0,,,,
2026-04-11 10:06,AMD,245.04,16.57,226.13,215.46,73.3,HOLD,4,short-term (days),,,"AMD shows strong momentum with +16.6% weekly gain and price above both SMAs, but RSI at 73.3 indicates overbought conditions. The stock has surged 21% from recent lows around $202, suggesting a pullback may be due before sustainable entry.",0,0,Holding — no order placed,100000.0,200000.0,,,,
2026-04-11 10:07,COIN,167.85,-2.97,172.34,174.22,25.9,HOLD,6,short-term (days),,,"COIN shows oversold conditions (RSI 25.9) after a 16% decline from recent highs, suggesting potential bounce opportunity. However, the stock remains below both SMA-7 and SMA-14 indicating continued bearish momentum, and regulatory concerns from underage gambling lawsuit add uncertainty.",0,0,Holding — no order placed,100000.0,200000.0,,,,
2026-04-11 11:50,NVDA,188.63,7.33,180.5,176.53,65.9,HOLD,6,short-term (days),,,"While NVDA shows strong momentum with +7.3% weekly gain and price above both SMAs, the RSI at 65.9 suggests approaching overbought territory. The stock has rallied 13% from recent lows but may face near-term resistance.",0,0,Holding — no order placed,100000.0,200000.0,,,,
2026-04-11 11:51,AAPL,260.48,1.9,257.68,254.4,63.9,HOLD,6,short-term (days),,,"While AAPL shows positive momentum with price above both SMAs and healthy RSI at 63.9, the stock is approaching resistance near $260.50 after a 1.9% weekly gain. The technical setup is moderately bullish but lacks strong conviction signals for immediate entry.",0,0,Holding — no order placed,100000.0,200000.0,,,,
2026-04-11 11:51,TSLA,348.95,-8.47,354.16,363.57,34.9,HOLD,6,short-term (days),,,"TSLA shows mixed signals with RSI at 34.9 indicating near-oversold conditions and potential for mean reversion, but the 8-week losing streak and negative news sentiment create significant downside risk. The stock is trading below both short and medium-term moving averages, suggesting continued weakness.",0,0,Holding — no order placed,100000.0,200000.0,,,,
2026-04-11 11:51,META,629.86,8.74,596.06,581.86,56.5,HOLD,6,short-term (days),,,"META shows strong recent recovery (+8.7% in 7 days) and is trading above both SMAs with healthy RSI at 56.5. However, the stock experienced significant volatility with a sharp decline from $604 to $525 before recovering to current levels near $630, suggesting potential instability.",0,0,Holding — no order placed,100000.0,200000.0,,,,
2026-04-11 11:51,AMD,245.04,16.57,226.13,215.46,73.3,HOLD,4,short-term (days),,,"AMD shows strong momentum with +16.6% weekly gains and breaking above both SMAs, but RSI at 73.3 indicates overbought conditions. The stock has rallied 20.9% in 14 days from $202.68 to $245.04, suggesting a pullback may be imminent before sustainable entry levels.",0,0,Holding — no order placed,100000.0,200000.0,,,,
2026-04-11 11:51,COIN,167.85,-2.97,172.34,174.22,25.9,HOLD,6,short-term (days),,,"While COIN shows oversold conditions (RSI 25.9) and has declined 16% from recent highs suggesting potential reversal opportunity, the stock remains below both SMA-7 and SMA-14 indicating continued bearish momentum. Mixed news flow including regulatory expansion but also compliance concerns creates uncertainty.",0,0,Holding — no order placed,100000.0,200000.0,,,,
2026-04-11 14:25,NVDA,188.63,7.33,180.5,176.53,65.9,HOLD,6,short-term (days),,,"NVDA shows strong momentum with +7.3% weekly gain and price above both SMAs, but RSI at 65.9 suggests potential overbought conditions approaching. The stock has had 6 consecutive green days, which historically precedes consolidation periods.",0,0,Holding — no order placed,100000.0,200000.0,,,,
2026-04-11 14:25,AAPL,260.48,1.9,257.68,254.4,63.9,HOLD,6,short-term (days),,,"AAPL shows modest upward momentum with price above both SMAs and RSI in neutral territory, but the recent volatility (ranging from $246-$261) and current position near 14-day highs suggests waiting for a better entry point. The stock lacks compelling technical confirmation for immediate entry at current levels.",0,0,Holding — no order placed,100000.0,200000.0,,,,
2026-04-11 14:25,TSLA,348.95,-8.47,354.16,363.57,34.9,HOLD,6,short-term (days),,,"TSLA shows mixed signals with RSI at 34.9 indicating potential oversold bounce, but the stock is in a concerning 8-week losing streak with price below both SMA-7 and SMA-14. The 8.5% decline over 7 days suggests continued downward pressure that hasn't yet found a clear bottom.",0,0,Holding — no order placed,100000.0,200000.0,,,,
2026-04-11 14:25,META,629.86,8.74,596.06,581.86,56.5,HOLD,6,short-term (days),,,"META shows strong recent momentum with +8.7% weekly gain and positive AI-related news flow, but the stock has experienced high volatility (19% swing from recent low to high) and is trading 5.7% above its 7-day SMA after a sharp recovery. The RSI at 56.5 suggests neutral momentum without clear oversold entry opportunity.",0,0,Holding — no order placed,100000.0,200000.0,,,,
2026-04-11 14:25,AMD,245.04,16.57,226.13,215.46,73.3,HOLD,4,short-term (days),,,"AMD shows strong momentum with +16.6% weekly gains, but RSI at 73.3 indicates overbought conditions. The rapid price acceleration from $196 to $245 in just 10 days suggests potential for near-term pullback before sustainable upward movement.",0,0,Holding — no order placed,100000.0,200000.0,,,,
2026-04-11 14:25,COIN,167.85,-2.97,172.34,174.22,25.9,HOLD,6,short-term (days),,,"While COIN shows oversold conditions (RSI 25.9) and has declined 16% from recent highs, the stock remains below both SMA-7 and SMA-14 indicating continued downward momentum. The mixed news flow including regulatory expansion in Australia but ongoing compliance concerns creates uncertainty.",0,0,Holding — no order placed,100000.0,200000.0,,,,
2026-04-11 15:57,NVDA,188.63,7.33,180.5,176.53,65.9,HOLD,6,short-term (days),,,"NVDA shows strong momentum with +7.3% weekly gain and price above both SMAs, but RSI at 65.9 suggests potential overbought conditions approaching. The stock has rallied 12.7% from recent lows, indicating we may have missed optimal entry point.",0,0,Holding — no order placed,100000.0,200000.0,,,,
2026-04-11 15:57,AAPL,260.48,1.9,257.68,254.4,63.9,HOLD,6,short-term (days),,,"While AAPL shows positive momentum with price above both SMA-7 and SMA-14, the RSI at 63.9 suggests limited upside before potential overbought conditions. The recent volatility and mixed signals warrant caution before establishing a position.",0,0,Holding — no order placed,100000.0,200000.0,,,,
2026-04-11 15:57,TSLA,348.95,-8.47,354.16,363.57,34.9,HOLD,5,short-term (days),,,"TSLA shows mixed signals with oversold RSI (34.9) suggesting potential bounce, but the stock is in a clear downtrend trading below both SMA-7 and SMA-14. The 8-week losing streak mentioned in news indicates sustained selling pressure that hasn't reversed yet.",0,0,Holding — no order placed,100000.0,200000.0,,,,
2026-04-11 15:57,META,629.86,8.74,596.06,581.86,56.5,HOLD,6,short-term (days),,,"META shows strong recent momentum (+8.7% in 7 days) and is trading above both SMAs, but the stock is at near-term highs after a volatile period including a significant drop to $525. The RSI at 56.5 suggests neutral territory, but I'd prefer to see a pullback or consolidation before entering.",0,0,Holding — no order placed,100000.0,200000.0,,,,
2026-04-11 15:57,AMD,245.04,16.57,226.13,215.46,73.3,HOLD,4,short-term (days),,,"AMD shows strong momentum with +16.6% weekly gains but RSI at 73.3 indicates overbought conditions. The stock has rallied 21% from recent lows around $202, suggesting a potential pullback is likely before further upside.",0,0,Holding — no order placed,100000.0,200000.0,,,,
2026-04-11 15:57,COIN,167.85,-2.97,172.34,174.22,25.9,HOLD,6,short-term (days),,,"COIN shows oversold conditions (RSI 25.9) after a significant 16% decline from recent highs, but the stock remains below both 7-day and 14-day SMAs indicating continued downward pressure. While the oversold RSI suggests potential bounce, the ongoing legal challenges and mixed news create uncertainty that warrants caution.",0,0,Holding — no order placed,100000.0,200000.0,,,,
2026-04-11 18:00,NVDA,188.63,7.33,180.5,176.53,65.9,HOLD,6,short-term (days),,,"NVDA shows strong momentum with +7.3% weekly gain and price above both SMAs, but RSI at 65.9 suggests approaching overbought territory. The stock has rallied from $165 to $188 in just 10 trading days, indicating potential for near-term consolidation.",0,0,Holding — no order placed,100000.0,200000.0,,,,
2026-04-11 18:00,AAPL,260.48,1.9,257.68,254.4,63.9,HOLD,6,short-term (days),,,"AAPL shows modest upward momentum with price above both SMAs and RSI at 63.9, indicating bullish but not overbought conditions. However, recent volatility (ranging from $246-$260) and mixed signals suggest waiting for a clearer entry point or pullback to the $255-257 support level.",0,0,Holding — no order placed,100000.0,200000.0,,,,
2026-04-11 18:00,TSLA,348.95,-8.47,354.16,363.57,34.9,HOLD,6,short-term (days),,,"TSLA shows mixed signals with RSI near oversold territory (34.9) and 8.5% decline over 7 days, suggesting potential bounce, but the stock is in an 8-week losing streak with price below both SMA-7 and SMA-14, indicating continued downward momentum. The technical setup is not compelling enough for entry despite the oversold conditions.",0,0,Holding — no order placed,100000.0,200000.0,,,,
2026-04-11 18:00,META,629.86,8.74,596.06,581.86,56.5,HOLD,6,short-term (days),,,"META shows strong recent momentum (+8.7% in 7 days) and positive AI-related news, but the stock has experienced significant volatility with a ~19% swing from recent lows. Current price is 5.7% above 7-day SMA, suggesting potential near-term consolidation risk.",0,0,Holding — no order placed,100000.0,200000.0,,,,
2026-04-11 18:00,AMD,245.04,16.57,226.13,215.46,73.3,HOLD,4,short-term (days),,,"AMD shows strong momentum with +16.6% weekly gains and price above both SMAs, but RSI at 73.3 indicates overbought conditions. The rapid 20% run-up from $202.68 to $245.04 suggests a pullback is likely before sustainable continuation.",0,0,Holding — no order placed,100000.0,200000.0,,,,
2026-04-11 18:00,COIN,167.85,-2.97,172.34,174.22,25.9,HOLD,6,short-term (days),,,"COIN shows technical oversold conditions (RSI 25.9) after a significant 16% decline from recent highs, but the stock remains below both 7-day and 14-day moving averages indicating continued downward pressure. While the oversold RSI suggests potential for a bounce, the mixed news environment and cryptocurrency sector volatility warrant caution.",0,0,Holding — no order placed,100000.0,200000.0,,,,
2026-04-11 19:57,NVDA,188.63,7.33,180.5,176.53,65.9,HOLD,6,short-term (days),,,"While NVDA shows strong momentum with +7.3% weekly gains and positive technical indicators (RSI 65.9 approaching overbought territory), the stock has rallied significantly from $165 to $188 in just 10 trading days. This 14% move warrants caution despite bullish news sentiment.",0,0,Holding — no order placed,100000.0,200000.0,,,,
2026-04-11 19:57,AAPL,260.48,1.9,257.68,254.4,63.9,HOLD,6,short-term (days),,,"AAPL shows mixed signals with price above both SMAs and positive momentum, but RSI at 63.9 suggests approaching overbought territory. The stock has gained 1.9% in 7 days and is testing resistance around $260, requiring confirmation of breakout before entry.",0,0,Holding — no order placed,100000.0,200000.0,,,,
2026-04-11 19:57,TSLA,348.95,-8.47,354.16,363.57,34.9,HOLD,6,short-term (days),,,"TSLA shows potential oversold conditions (RSI 34.9) after an 8-week decline, but the stock remains below both SMA-7 and SMA-14 indicating continued bearish momentum. The negative news flow around disappointing deliveries and robotaxi doubts suggests fundamental headwinds persist.",0,0,Holding — no order placed,100000.0,200000.0,,,,
2026-04-11 19:58,META,629.86,8.74,596.06,581.86,56.5,HOLD,6,short-term (days),,,"While META shows strong recent momentum (+8.7% in 7 days) and positive AI-related news flow, the stock is trading 5.7% above its 7-day SMA and has recovered sharply from the March 26-27 lows. The RSI at 56.5 suggests room to run, but the rapid price appreciation warrants caution before entry.",0,0,Holding — no order placed,100000.0,200000.0,,,,
2026-04-11 19:58,AMD,245.04,16.57,226.13,215.46,73.3,HOLD,4,short-term (days),,,"AMD shows strong momentum with +16.6% weekly gains and price above both SMAs, but RSI at 73.3 indicates overbought conditions. The stock has rallied 21% from recent lows ($202.68 to $245.04) in just 14 days, suggesting a potential pullback is likely before further upside.",0,0,Holding — no order placed,100000.0,200000.0,,,,
2026-04-11 19:58,COIN,167.85,-2.97,172.34,174.22,25.9,BUY,7,medium-term (weeks),185.0,155.0,"COIN shows strong oversold conditions with RSI at 25.9, indicating potential mean reversion opportunity. The stock has declined 16% from recent highs but is showing signs of stabilization around the $167-175 range with positive regulatory developments in Australia.",0,0,Order failed: 422 Client Error: Unprocessable Entity for url: https://paper-api.alpaca.markets/v2/orders,100000.0,200000.0,,,,
2026-04-11 21:57,NVDA,188.63,7.33,180.5,176.53,65.9,HOLD,6,short-term (days),,,"While NVDA shows strong momentum with +7.3% weekly gain and positive AI sector sentiment, the RSI of 65.9 suggests approaching overbought territory. The stock has rallied 13% from recent lows but lacks a clear technical breakout pattern for high-confidence entry.",0,0,Holding — no order placed,100000.0,200000.0,,,,
2026-04-11 21:57,AAPL,260.48,1.9,257.68,254.4,63.9,HOLD,6,medium-term (weeks),,,"AAPL shows modest upward momentum with price above both SMAs and RSI in neutral territory, but the recent volatility and mixed signals don't provide strong conviction for entry. The positive AI-related news is encouraging, but at current levels near recent highs, risk-reward isn't compelling enough.",0,0,Holding — no order placed,100000.0,200000.0,,,,
2026-04-11 21:57,TSLA,348.95,-8.47,354.16,363.57,34.9,HOLD,6,short-term (days),,,"TSLA shows mixed signals with RSI at 34.9 indicating oversold conditions and an 8.5% decline over 7 days, suggesting potential bounce opportunity. However, the stock is trading below both SMA-7 ($354.16) and SMA-14 ($363.57), indicating downward momentum, and recent news highlights delivery disappointments and robotaxi doubts.",0,0,Holding — no order placed,100000.0,200000.0,,,,
2026-04-11 21:57,META,629.86,8.74,596.06,581.86,56.5,HOLD,6,short-term (days),,,"META shows strong recent momentum (+8.7% in 7 days) and positive AI-related news flow, but the stock is trading 5.7% above its 7-day SMA and has experienced high volatility recently (47-point swing from $547 to $630 in two weeks). The RSI at 56.5 is neutral but approaching momentum exhaustion territory.",0,0,Holding — no order placed,100000.0,200000.0,,,,
2026-04-11 21:57,AMD,245.04,16.57,226.13,215.46,73.3,HOLD,4,short-term (days),,,"AMD shows strong momentum with +16.6% gain in 7 days, but RSI at 73.3 indicates overbought conditions. The stock is trading 8.4% above its 7-day SMA, suggesting potential for a pullback before continuing higher.",0,0,Holding — no order placed,100000.0,200000.0,,,,
2026-04-11 21:58,COIN,167.85,-2.97,172.34,174.22,25.9,HOLD,6,short-term (days),,,"While COIN shows oversold conditions (RSI 25.9) and has declined 16% from recent highs, the stock remains below both SMA-7 and SMA-14, indicating continued downward pressure. The mixed news environment with regulatory uncertainties alongside international expansion creates conflicting signals that warrant waiting for clearer technical confirmation.",0,0,Holding — no order placed,100000.0,200000.0,,,,
2026-04-12 00:02,NVDA,188.63,7.33,180.5,176.53,65.9,HOLD,6,short-term (days),,,"NVDA shows strong momentum with +7.3% weekly gain and price above both SMAs, but RSI at 65.9 suggests approaching overbought territory. The recent mention of Michael Burry's signal on NVDA stock adds uncertainty to the bullish technical picture.",0,0,Holding — no order placed,100000.0,200000.0,,,,
2026-04-12 00:02,AAPL,260.48,1.9,257.68,254.4,63.9,HOLD,6,short-term (days),,,"AAPL shows positive momentum with price above both 7-day and 14-day SMAs, but RSI at 63.9 suggests potential near-term resistance. The recent volatility (ranging from $246 to $260) and approaching overbought territory warrant caution despite positive AI-related sentiment.",0,0,Holding — no order placed,100000.0,200000.0,,,,
2026-04-12 00:02,TSLA,348.95,-8.47,354.16,363.57,34.9,HOLD,5,short-term (days),,,"TSLA shows mixed signals with an 8.5% decline over 7 days and trading below both SMA-7 and SMA-14, indicating downward momentum. While RSI at 34.9 suggests the stock is approaching oversold territory, it hasn't reached clear oversold levels yet, and recent news highlights delivery disappointments and robotaxi doubts.",0,0,Holding — no order placed,100000.0,200000.0,,,,
2026-04-12 00:02,META,629.86,8.74,596.06,581.86,56.5,HOLD,6,short-term (days),,,"META shows strong recent momentum with +8.7% weekly gains and price well above both SMAs, indicating bullish trend. However, the stock has experienced high volatility (21% decline from $604 to $526 then sharp recovery) and is near recent highs at $629.86, suggesting potential for pullback.",0,0,Holding — no order placed,100000.0,200000.0,,,,
2026-04-12 00:02,AMD,245.04,16.57,226.13,215.46,73.3,HOLD,4,short-term (days),,,"AMD shows strong momentum with +16.6% weekly gains and price above both SMAs, but RSI at 73.3 indicates overbought conditions. The rapid rise from $196 to $245 in 10 days suggests a potential pullback is likely before sustainable upward movement.",0,0,Holding — no order placed,100000.0,200000.0,,,,
2026-04-12 00:02,COIN,167.85,-2.97,172.34,174.22,25.9,HOLD,6,short-term (days),,,"COIN shows oversold conditions (RSI 25.9) and is trading below both 7-day and 14-day moving averages after a significant 16% decline from recent highs. While technically oversold conditions often present buying opportunities, the ongoing lawsuit regarding underage gambling compliance creates regulatory uncertainty that warrants caution.",0,0,Holding — no order placed,100000.0,200000.0,,,,
2026-04-12 06:15,NVDA,188.63,7.33,180.5,176.53,65.9,HOLD,6,short-term (days),,,"NVDA shows strong momentum with +7.3% weekly gain and price above both SMAs, but RSI at 65.9 suggests the stock is approaching overbought territory. The recent rally from $165 to $188 (+14%) warrants caution before entry.",0,0,Holding — no order placed,100000.0,200000.0,,,,
2026-04-12 06:15,AAPL,260.48,1.9,257.68,254.4,63.9,HOLD,6,medium-term (weeks),,,"While AAPL shows positive momentum with price above both SMAs and healthy 7-day gains, the RSI at 63.9 suggests potential near-term resistance. The stock appears fairly valued at current levels with mixed technical signals warranting patience for a better entry point.",0,0,Holding — no order placed,100000.0,200000.0,,,,
2026-04-12 06:15,TSLA,348.95,-8.47,354.16,363.57,34.9,HOLD,6,short-term (days),,,"TSLA shows mixed signals with RSI near oversold territory (34.9) suggesting potential bounce, but price remains below both SMA-7 and SMA-14 indicating continued downtrend. The 8.5% weekly decline and disappointing delivery news create uncertainty that warrants waiting for clearer technical confirmation.",0,0,Holding — no order placed,100000.0,200000.0,,,,
2026-04-12 06:15,META,629.86,8.74,596.06,581.86,56.5,HOLD,6,short-term (days),,,"META shows strong recent momentum (+8.7% in 7 days) and is trading above both SMAs, but the stock experienced significant volatility with a sharp decline to $525.72 followed by rapid recovery. The RSI at 56.5 suggests neither oversold nor overbought conditions, but the quick 20% rebound from recent lows raises concerns about sustainability.",0,0,Holding — no order placed,100000.0,200000.0,,,,
2026-04-12 06:15,AMD,245.04,16.57,226.13,215.46,73.3,HOLD,4,short-term (days),,,"AMD shows strong momentum with +16.6% weekly gain, but RSI at 73.3 indicates overbought conditions with high reversal risk. The stock has risen 21% in just 14 days, suggesting a potential pullback is due before establishing a position.",0,0,Holding — no order placed,100000.0,200000.0,,,,
2026-04-12 06:15,COIN,167.85,-2.97,172.34,174.22,25.9,HOLD,6,short-term (days),,,"COIN shows oversold conditions with RSI at 25.9 and is trading below both 7-day and 14-day SMAs, suggesting potential for a bounce. However, the stock has declined 16% from recent highs and faces regulatory uncertainty with ongoing compliance issues, making this a wait-and-see situation.",0,0,Holding — no order placed,100000.0,200000.0,,,,
2026-04-12 07:22,NVDA,188.63,7.33,180.5,176.53,65.9,HOLD,6,short-term (days),,,"While NVDA shows strong momentum with +7.3% weekly gain and bullish technical setup (price above both SMAs), the RSI at 65.9 indicates potential near-term overbought conditions. The recent surge from $165 to $188 (+14% in 8 days) suggests a pullback may be due before continued upward movement.",0,0,Holding — no order,100000.0,,,,,
2026-04-12 07:22,AAPL,260.48,1.9,257.68,254.4,63.9,HOLD,6,short-term (days),,,"AAPL shows modest upward momentum with price above both 7-day and 14-day SMAs, and RSI at 63.9 indicates neutral territory without extreme conditions. However, recent volatility (ranging from $246.63 to $260.49) and mixed signals from technical indicators suggest waiting for clearer direction before establishing a position.",0,0,Holding — no order,100000.0,,,,,
2026-04-12 07:22,TSLA,348.95,-8.47,354.16,363.57,34.9,HOLD,6,short-term (days),,,"TSLA shows mixed signals with RSI at 34.9 indicating potential oversold conditions, but the stock remains in a clear downtrend with price below both SMA-7 and SMA-14. The 8.5% decline over 7 days and recent disappointing delivery news suggest continued near-term pressure despite potential technical bounce setup.",0,0,Holding — no order,100000.0,,,,,
2026-04-12 07:22,META,629.86,8.74,596.06,581.86,56.5,HOLD,6,short-term (days),,,"META has recovered strongly from the March lows but is now trading 5.7% above its 7-day SMA and showing signs of potential overextension after an 8.7% weekly gain. While AI infrastructure partnerships are positive catalysts, the rapid price recovery warrants caution for new entries at current levels.",0,0,Holding — no order,100000.0,,,,,
2026-04-12 07:22,AMD,245.04,16.57,226.13,215.46,73.3,HOLD,4,short-term (days),,,"AMD shows strong momentum with +16.6% weekly gains and trading above both SMAs, but RSI at 73.3 indicates overbought conditions. The rapid price appreciation from $202.68 to $245.04 suggests potential for near-term pullback before sustainable continuation.",0,0,Holding — no order,100000.0,,,,,
2026-04-12 07:22,COIN,167.85,-2.97,172.34,174.22,25.9,HOLD,6,short-term (days),,,"While COIN shows oversold conditions with RSI at 25.9 and has declined 16.3% from recent highs, the stock remains below both 7-day and 14-day moving averages indicating continued downward pressure. The recent lawsuit regarding underage gambling compliance adds regulatory uncertainty that could weigh on near-term performance.",0,0,Holding — no order,100000.0,,,,,
2026-04-13 12:09,NVDA,188.63,7.33,180.5,176.53,65.9,HOLD,6,short-term (days),,,"NVDA shows strong momentum with +7.3% weekly gain and price above both SMAs, but RSI at 65.9 suggests approaching overbought territory. The recent rally from $165 to $188 may need consolidation before continuing higher.",0,0,Holding — no order,100000.0,,,,,
2026-04-13 12:09,AAPL,260.48,1.9,257.68,254.4,63.9,HOLD,6,short-term (days),,,"AAPL shows mixed signals with price above both SMAs indicating uptrend, but RSI at 63.9 suggests potential overbought conditions approaching. The recent volatility (ranging from $246-$260) and lack of strong directional conviction in news flow warrant caution.",0,0,Holding — no order,100000.0,,,,,
2026-04-13 12:09,TSLA,348.95,-8.47,354.16,363.57,34.9,HOLD,6,short-term (days),,,"TSLA shows oversold conditions with RSI at 34.9 and trading below both SMA-7 and SMA-14, suggesting potential for a bounce. However, the stock has declined 8.5% in the past week and is in a clear downtrend, requiring confirmation of reversal before entry.",0,0,Holding — no order,100000.0,,,,,
2026-04-13 12:09,META,629.86,8.74,596.06,581.86,56.5,HOLD,5,short-term (days),,,"META shows strong recent momentum (+8.7% in 7 days) and is trading above both SMAs, but the stock has been highly volatile with a significant drop from $604 to $525 followed by recovery to $629. The mixed news sentiment with lawsuit pressures and regulatory concerns, combined with the stock's extreme volatility, warrants caution despite the recent uptrend.",0,0,Holding — no order,100000.0,,,,,
2026-04-13 12:09,AMD,245.04,16.57,226.13,215.46,73.3,HOLD,4,short-term (days),,,"AMD shows strong momentum with +16.6% weekly gain and price above both SMAs, but RSI at 73.3 indicates overbought conditions. The stock has gained 20.8% in just 4 trading days, suggesting a potential pullback is due before considering entry.",0,0,Holding — no order,100000.0,,,,,
2026-04-13 12:09,COIN,167.85,-2.97,172.34,174.22,25.9,HOLD,6,short-term (days),,,"While COIN shows oversold conditions with RSI at 25.9 and has declined 16% from recent highs, the stock remains below both SMA-7 and SMA-14 indicating continued downward momentum. The mixed news flow with regulatory challenges alongside expansion efforts creates uncertainty that warrants caution.",0,0,Holding — no order,100000.0,,,,,
2026-04-13 23:06,NVDA,189.31,6.72,182.44,177.5,67.2,HOLD,6,short-term (days),,,"NVDA shows strong momentum with 6.7% weekly gain and price above both 7-day and 14-day SMAs, but RSI at 67.2 indicates approaching overbought territory. Recent negative sentiment around AI disruption concerns and acquisition rumors create uncertainty despite technical strength.",0,0,Holding — no order,100000.0,,,,,
2026-04-13 23:06,AAPL,259.2,1.28,258.19,254.95,61.3,HOLD,6,short-term (days),,,"AAPL shows mixed technical signals with price above both SMAs and moderate RSI at 61.3, indicating neutral momentum. While recent AI strategy news is positive, the stock appears fairly valued at current levels with no compelling entry point for a cautious approach.",0,0,Holding — no order,100000.0,,,,,
2026-04-13 23:06,TSLA,352.42,-2.27,350.04,361.54,35.7,HOLD,5,short-term (days),,,"TSLA shows mixed signals with price below both SMAs indicating downward momentum, but RSI at 35.7 suggests approaching oversold territory. The stock has declined 8% from recent highs and is testing support levels around $345-355 range.",0,0,Holding — no order,100000.0,,,,,
2026-04-13 23:06,META,634.53,10.46,603.96,584.04,60.8,HOLD,6,short-term (days),,,"META has shown strong momentum with +10.5% weekly gains and is trading above both SMA-7 and SMA-14, but the stock has experienced high volatility recently with a significant drop from $595 to $525 before recovering. The RSI at 60.8 suggests room for upward movement but approaching overbought territory, while mixed AI sentiment in the news creates uncertainty.",0,0,Holding — no order,100000.0,,,,,
2026-04-13 23:06,AMD,246.83,13.49,231.36,218.62,73.1,HOLD,4,short-term (days),,,"While AMD shows strong momentum with +13.5% gain in 7 days and positive AI sector sentiment, the RSI of 73.1 indicates overbought conditions. The stock has risen nearly 20% from recent lows around $196, suggesting a potential pullback before sustainable upward movement.",0,0,Holding — no order,100000.0,,,,,
2026-04-13 23:06,COIN,174.53,1.79,172.56,172.36,44.1,HOLD,5,short-term (days),,,"COIN shows mixed signals with price trading above both SMAs but displaying high volatility (recent 11% drop from $181 to $161). The RSI at 44.1 indicates neutral momentum, while recent regulatory developments and lawsuit concerns create uncertainty despite positive Australia expansion news.",0,0,Holding — no order,100000.0,,,,,
2026-04-14 11:45,NVDA,189.31,6.72,182.44,177.5,67.2,HOLD,6,short-term (days),,,"NVDA shows strong momentum with +6.7% weekly gain and price above both SMAs, but RSI at 67.2 indicates approaching overbought territory. While AI trade momentum is positive, Goldman Sachs warnings about AI disruption fears and the stock's proximity to technical resistance levels suggest waiting for a better entry point.",0,0,Holding — no order,100000.0,,,,,
2026-04-14 11:45,AAPL,259.2,1.28,258.19,254.95,61.3,HOLD,6,short-term (days),,,"AAPL shows mixed signals with price above both SMAs and recent upward momentum (+1.3% weekly), but RSI at 61.3 indicates approaching overbought territory. The stock is trading near recent highs around $260 which may act as resistance, and confidence level of 6 falls below the required threshold of 7 for a BUY decision.",0,0,Holding — no order,100000.0,,,,,
2026-04-14 11:45,TSLA,352.42,-2.27,350.04,361.54,35.7,HOLD,5,short-term (days),,,"TSLA shows mixed signals with price below both SMAs indicating downward momentum, but RSI at 35.7 suggests approaching oversold territory. Recent positive news on FSD approval in Europe is encouraging, but the stock needs to demonstrate clearer technical recovery before entry.",0,0,Holding — no order,100000.0,,,,,
2026-04-14 11:45,META,634.53,10.46,603.96,584.04,60.8,HOLD,6,short-term (days),,,"META shows strong recent momentum with +10.5% weekly gain and price above both SMAs, indicating bullish trend. However, the stock has rallied significantly from $525 lows and current RSI at 60.8 suggests limited upside before overbought conditions.",0,0,Holding — no order,100000.0,,,,,
2026-04-14 11:45,AMD,246.83,13.49,231.36,218.62,73.1,HOLD,4,short-term (days),,,"AMD shows strong momentum with +13.5% weekly gains and positive AI-related news, but the RSI at 73.1 indicates overbought conditions. The stock has risen significantly above both 7-day and 14-day moving averages, suggesting potential for a near-term pullback.",0,0,Holding — no order,100000.0,,,,,
2026-04-14 11:45,COIN,174.53,1.79,172.56,172.36,44.1,HOLD,5,short-term (days),,,"COIN shows mixed signals with price trading above both 7-day and 14-day SMAs but still down significantly from recent highs around $181. The RSI at 44.1 indicates neutral momentum, and the stock remains heavily correlated with Bitcoin volatility as noted in recent news.",0,0,Holding — no order,100000.0,,,,,
2026-04-14 16:42,NVDA,194.7,9.6,184.91,178.89,68.6,HOLD,6,short-term (days),,,"NVDA shows strong momentum with +9.6% weekly gain and price above both SMAs, but RSI at 68.6 indicates approaching overbought territory. The stock has rallied significantly from $165 to $194 in two weeks, suggesting a potential near-term pullback risk.",0,0,Holding — no order,100000.0,,,,,
2026-04-14 16:42,AAPL,258.49,-0.14,258.56,255.44,58.9,HOLD,6,short-term (days),,,"AAPL shows mixed signals with price consolidating around $258-260 range and neutral RSI at 58.9. While BofA expects strong iPhone sales, the stock lacks clear directional momentum with only -0.1% weekly change and trading near 7-day SMA.",0,0,Holding — no order,100000.0,,,,,
2026-04-14 16:42,TSLA,366.9,3.99,350.94,360.38,41.9,HOLD,5,short-term (days),,,"TSLA shows mixed signals with price above both SMAs indicating potential uptrend recovery, but the stock remains in a volatile downtrend from $385.95 to current levels. While RSI at 41.9 suggests no extreme oversold condition and recent 4% weekly gain shows some momentum, the overall pattern lacks conviction for a high-confidence entry.",0,0,Holding — no order,100000.0,,,,,
2026-04-14 16:42,META,663.94,15.87,616.74,589.11,65.7,HOLD,6,short-term (days),,,"META has shown strong momentum with +15.9% gain in 7 days and price well above both SMAs, but RSI at 65.7 suggests approaching overbought territory. The recent surge from $525 to $664 represents a 26% move in just two weeks, indicating potential for near-term consolidation despite positive digital advertising outlook.",0,0,Holding — no order,100000.0,,,,,
2026-04-14 16:42,AMD,252.94,14.88,236.43,222.01,70.1,HOLD,4,short-term (days),,,"AMD has surged 14.9% in 7 days with RSI at 70.1 indicating overbought conditions. While AI-related news is positive, the technical setup suggests a pullback is likely before establishing a position.",0,0,Holding — no order,100000.0,,,,,
2026-04-14 16:42,COIN,186.38,6.63,174.69,172.74,53.9,HOLD,6,short-term (days),,,"COIN shows mixed signals with recent recovery from $160.79 to $186.38 (+15.9%) but remains in a volatile range. While news sentiment is positive regarding prediction markets and crypto demand, the stock's tight correlation with Bitcoin creates uncertainty, and RSI at 53.9 suggests neutral momentum.",0,0,Holding — no order,100000.0,,,,,
2026-04-14 23:07,NVDA,196.51,10.62,185.17,179.02,69.9,HOLD,4,short-term (days),,,"NVDA shows strong momentum with +10.6% weekly gain and price above both SMA-7 and SMA-14, but RSI at 69.9 indicates near-overbought conditions. The recent quantum computing threat narrative from D-Wave adds uncertainty despite AI trade leadership continuing.",0,0,Holding — no order,100000.0,,,,,
2026-04-14 23:07,AAPL,258.83,-0.01,258.61,255.47,59.5,HOLD,6,short-term (days),,,"AAPL shows mixed technical signals with price above both SMAs indicating upward momentum, but RSI at 59.5 suggests limited room for immediate gains. The flat 7-day performance and consolidation around $258-260 range indicates indecision in the market.",0,0,Holding — no order,100000.0,,,,,
2026-04-14 23:07,TSLA,364.2,3.23,350.56,360.19,40.6,HOLD,6,short-term (days),,,"While TSLA shows positive momentum with recent upgrades and +3.2% weekly gain, the stock remains in a downtrend from $385.95 to current levels. The RSI at 40.6 suggests neutral territory but not oversold enough for a strong entry signal.",0,0,Holding — no order,100000.0,,,,,
2026-04-14 23:07,META,662.49,15.61,616.54,589.01,65.5,HOLD,6,short-term (days),,,"Despite positive AI infrastructure news and strong recent momentum (+15.6% in 7 days), META has risen 25% from recent lows and is approaching overbought territory with RSI at 65.5. The rapid price appreciation from $525 to $662 suggests potential for a pullback before further upside.",0,0,Holding — no order,100000.0,,,,,
2026-04-14 23:07,AMD,255.07,15.85,236.73,222.17,70.9,HOLD,4,short-term (days),,,"AMD has surged 15.8% in 7 days with RSI at 70.9, indicating overbought conditions and potential for near-term pullback. While the uptrend is strong and AI-related news is positive, the technical indicators suggest caution at current levels.",0,0,Holding — no order,100000.0,,,,,
2026-04-14 23:07,COIN,184.41,5.5,174.41,172.6,52.6,HOLD,6,short-term (days),,,"While COIN shows positive momentum with +5.5% weekly gain and bullish news sentiment around crypto recovery, the stock remains highly volatile with significant intraday swings. The RSI at 52.6 indicates neutral territory, but the recent rally from $160 lows may need consolidation before establishing a sustainable uptrend.",0,0,Holding — no order,100000.0,,,,,
2026-04-15 11:43,NVDA,196.51,10.62,185.17,179.02,69.9,HOLD,4,short-term (days),,,"NVDA shows strong momentum with +10.6% weekly gain and price above both SMAs, but RSI at 69.9 indicates near-overbought conditions. The stock has rallied significantly from $165 to $196 in two weeks, suggesting potential for a pullback before further upside.",0,0,Holding — no order,100000.0,,,,,
2026-04-15 11:43,AAPL,258.83,-0.01,258.61,255.47,59.5,HOLD,6,short-term (days),,,"AAPL shows mixed signals with price consolidating near recent highs around $258-260 range, but lacks clear directional momentum. While the stock trades above both 7-day and 14-day SMAs indicating upward bias, the flat 7-day performance and neutral RSI suggest waiting for clearer breakout signals.",0,0,Holding — no order,100000.0,,,,,
2026-04-15 11:43,TSLA,364.2,3.23,350.56,360.19,40.6,HOLD,5,short-term (days),,,"TSLA shows mixed signals with price recovering from recent lows but still in a downward trend from $385.95 to current $364.20. RSI at 40.6 suggests oversold conditions may be reversing, but the overall technical picture remains uncertain with high volatility.",0,0,Holding — no order,100000.0,,,,,
2026-04-15 11:43,META,662.49,15.61,616.54,589.01,65.5,HOLD,6,short-term (days),,,"META has shown strong momentum with +15.6% weekly gains and positive AI infrastructure news with Broadcom, but the stock is approaching overbought territory (RSI 65.5) after a sharp recovery from the $525 low. The recent volatility and current price near 14-day highs suggest waiting for a pullback to a more favorable entry point.",0,0,Holding — no order,100000.0,,,,,
2026-04-15 11:43,AMD,255.07,15.85,236.73,222.17,70.9,HOLD,4,short-term (days),,,"AMD shows strong momentum with +15.8% weekly gain and bullish moving average crossover, but RSI at 70.9 indicates overbought conditions. The stock has rallied 30% from recent lows but lacks clear fundamental catalysts in recent news coverage.",0,0,Holding — no order,100000.0,,,,,
2026-04-15 11:43,COIN,184.41,5.5,174.41,172.6,52.6,HOLD,6,short-term (days),,,"While COIN shows positive momentum with +5.5% weekly gain and bullish news sentiment around crypto recovery, the stock remains highly volatile and trading above its short-term moving averages suggests limited upside at current levels. The RSI of 52.6 indicates neutral momentum without clear directional conviction.",0,0,Holding — no order,100000.0,,,,,
2026-04-15 16:14,NVDA,199.53,12.03,188.3,180.51,85.0,HOLD,4,short-term (days),,,"Despite positive momentum with +12% weekly gain and bullish news, RSI at 85 indicates severe overbought conditions. The stock has rallied 16.6% from recent lows, suggesting a potential pullback before further upside.",0,0,Holding — no order,100000.0,,,,,
2026-04-15 16:15,AAPL,265.3,4.65,259.53,256.37,65.9,HOLD,6,short-term (days),,,"AAPL shows positive momentum with +4.7% weekly gain and price above both SMAs, but RSI at 65.9 suggests approaching overbought territory. The recent rally may be overextended in the short term, warranting caution before entry.",0,0,Holding — no order,100000.0,,,,,
2026-04-15 16:15,TSLA,390.63,12.69,355.96,360.53,57.2,HOLD,6,short-term (days),,,"While TSLA shows strong recent momentum (+12.7% in 7 days) and positive analyst upgrades, the stock is trading significantly above both short and medium-term moving averages (SMA-7: $355.96, SMA-14: $360.53), indicating potential overextension. The RSI at 57.2 suggests neutral territory but recent volatility and the gap above moving averages warrant caution.",0,0,Holding — no order,100000.0,,,,,
2026-04-15 16:15,META,677.29,17.78,631.43,594.89,84.9,HOLD,4,short-term (days),,,"META shows strong momentum with +17.8% weekly gains and positive AI investment sentiment, but RSI at 84.9 indicates severe overbought conditions. The stock has risen 23.7% in just 14 days, suggesting a high probability of near-term pullback or consolidation.",0,0,Holding — no order,100000.0,,,,,
2026-04-15 16:15,AMD,256.21,15.65,241.88,224.73,88.6,HOLD,4,short-term (days),,,"AMD shows strong momentum with +25.7% gain over 14 days, but RSI at 88.6 indicates extreme overbought conditions. The rapid price acceleration from $196 to $256 suggests a potential pullback is imminent before any sustainable continuation.",0,0,Holding — no order,100000.0,,,,,
2026-04-15 16:15,COIN,190.67,8.84,176.68,173.28,63.6,HOLD,6,short-term (days),,,"While COIN shows strong momentum with +8.8% weekly gains and positive crypto sentiment, the stock has already surged 34% from recent lows and is trading well above both SMAs. The RSI at 63.6 suggests limited upside before overbought territory, and entering at current elevated levels presents unfavorable risk-reward.",0,0,Holding — no order,100000.0,,,,,
2026-04-15 20:08,NVDA,198.87,11.66,188.2,180.47,84.7,HOLD,4,short-term (days),,,"While NVDA shows strong momentum with +11.7% weekly gains and bullish news sentiment around AI investing, the RSI of 84.7 indicates severely overbought conditions. The rapid price appreciation from $177 to $199 in just 5 trading days suggests a pullback is likely before any sustainable advance.",0,0,Holding — no order,100000.0,,,,,
2026-04-15 20:08,AAPL,266.43,5.1,259.69,256.45,66.9,HOLD,6,short-term (days),,,"AAPL shows strong momentum with +5.1% weekly gain and price above both SMAs, but RSI at 66.9 suggests limited upside before potential overbought conditions. The recent rally from $246 to $266 warrants caution at current levels.",0,0,Holding — no order,100000.0,,,,,
2026-04-15 20:08,TSLA,391.95,13.07,356.15,360.62,57.7,HOLD,6,short-term (days),,,"TSLA shows strong recent momentum (+13.1% in 7 days) with positive news catalysts around chip reveals, but the stock has experienced significant volatility over the 14-day period with a trading range of $343-$392. The RSI at 57.7 suggests neutral momentum, while the stock is trading above both SMAs, indicating short-term bullish trend.",0,0,Holding — no order,100000.0,,,,,
2026-04-15 20:09,META,671.58,16.79,630.62,594.49,84.4,HOLD,4,short-term (days),,,"META shows strong momentum with +16.8% weekly gains, but RSI at 84.4 indicates severe overbought conditions. The rapid price appreciation from $547 to $672 in two weeks suggests a potential pullback is likely before any sustainable upward move.",0,0,Holding — no order,100000.0,,,,,
2026-04-15 20:09,AMD,258.12,16.52,242.15,224.87,88.9,HOLD,3,short-term (days),,,"AMD shows extremely overbought conditions with RSI at 88.9 and price 26.7% above 14-day SMA after a parabolic 16.5% rise in 7 days. While the MI450 chip news is positive, the technical indicators suggest high probability of near-term pullback from these extended levels.",0,0,Holding — no order,100000.0,,,,,
2026-04-15 20:09,COIN,195.9,11.83,177.43,173.65,66.4,HOLD,6,short-term (days),,,"While COIN shows strong momentum with +11.8% weekly gains and positive crypto sentiment, the RSI at 66.4 suggests near-overbought conditions. The stock has surged from $167.85 to $195.9 in just 5 days, indicating potential for a pullback before establishing a more sustainable entry point.",0,0,Holding — no order,100000.0,,,,,
2026-04-15 23:04,NVDA,198.87,11.66,188.2,180.47,84.7,HOLD,4,short-term (days),,,"NVDA shows strong momentum with +11.7% weekly gain and bullish price action, but RSI at 84.7 indicates severe overbought conditions. The stock has risen 16% from recent lows but technical indicators suggest a pullback is likely before sustainable upward movement.",0,0,Holding — no order,100000.0,,,,,
2026-04-15 23:04,AAPL,266.43,5.1,259.69,256.45,66.9,HOLD,6,short-term (days),,,"AAPL shows positive momentum with +5.1% weekly gain and price above both SMAs, but RSI at 66.9 suggests potential overbought conditions approaching. The recent rally from $246 to $266 may need consolidation before next leg up.",0,0,Holding — no order,100000.0,,,,,
2026-04-15 23:04,TSLA,391.95,13.07,356.15,360.62,57.7,HOLD,5,short-term (days),,,"TSLA shows strong recent momentum (+13.1% in 7 days) following positive chip news, but the stock has exhibited high volatility with a $46 range over 14 days. Current price of $391.95 is well above both SMAs, suggesting potential overextension after the recent surge.",0,0,Holding — no order,100000.0,,,,,
2026-04-15 23:05,META,671.58,16.79,630.62,594.49,84.4,HOLD,4,short-term (days),,,"META has gained 16.8% in just 7 days with RSI at 84.4, indicating severe overbought conditions and high probability of near-term pullback. While the AI chip partnership news is positive, the technical setup suggests waiting for a better entry point.",0,0,Holding — no order,100000.0,,,,,
2026-04-15 23:05,AMD,258.12,16.52,242.15,224.87,88.9,HOLD,4,short-term (days),,,"While AMD shows strong momentum with +16.5% weekly gains and positive AI chip news, the RSI of 88.9 indicates severe overbought conditions. The stock has risen 26.7% in just 14 days, suggesting a significant pullback is likely before any sustainable upward movement.",0,0,Holding — no order,100000.0,,,,,
2026-04-15 23:05,COIN,195.9,11.83,177.43,173.65,66.4,HOLD,6,short-term (days),,,"While COIN shows strong momentum with +11.8% weekly gains and positive crypto sentiment, the RSI at 66.4 indicates approaching overbought territory. The recent surge from $167 to $195 represents a significant 17% move in just 3 days, suggesting potential for near-term pullback.",0,0,Holding — no order,100000.0,,,,,
2026-04-16 11:46,NVDA,198.87,11.66,188.2,180.47,84.7,,HOLD,4,short-term (days),,,"NVDA shows strong momentum with +11.7% weekly gains and positive news flow, but the RSI of 84.7 indicates severe overbought conditions. The recent 16% surge from $171 to $199 suggests a potential near-term pullback is likely.",0,0,Holding — no order,100000.0,200000.0,,,,
2026-04-16 11:46,AAPL,266.43,5.1,259.69,256.45,66.9,,HOLD,6,short-term (days),,,"While AAPL shows positive momentum with +5.1% weekly gain and trading above both SMAs, the RSI at 66.9 indicates approaching overbought territory. The recent AI/chip sector optimism provides tailwinds, but the stock has rallied significantly from $246 to $266 in two weeks.",0,0,Holding — no order,100000.0,200000.0,,,,
2026-04-16 11:46,TSLA,391.95,13.07,356.15,360.62,57.7,,HOLD,6,short-term (days),,,"TSLA shows strong recent momentum with +13.1% weekly gain and positive news flow around chip reveals, but the stock has already run up significantly from $343 to $392 in just 6 days. The RSI at 57.7 suggests room to move higher, but the rapid price appreciation creates elevated entry risk at current levels.",0,0,Holding — no order,100000.0,200000.0,,,,
2026-04-16 11:46,META,671.58,16.79,630.62,594.49,84.4,,HOLD,4,short-term (days),,,"META shows strong momentum with +16.8% in 7 days and positive AI infrastructure news, but RSI at 84.4 indicates severe overbought conditions. The rapid price appreciation from $547 to $671 suggests high probability of near-term pullback despite positive fundamentals.",0,0,Holding — no order,100000.0,200000.0,,,,
2026-04-16 11:46,AMD,258.12,16.52,242.15,224.87,88.9,,HOLD,4,short-term (days),,,"While AMD shows strong momentum with positive AI sector news, the RSI of 88.9 indicates severely overbought conditions after a 16.5% gain in 7 days. The risk of a near-term pullback is too high to justify entry at current levels despite the bullish fundamentals.",0,0,Holding — no order,100000.0,200000.0,,,,
2026-04-16 11:46,COIN,195.9,11.83,177.43,173.65,66.4,,HOLD,5,short-term (days),,,"COIN has surged 11.8% in 7 days with RSI at 66.4 approaching overbought territory, while trading 10.4% above its 7-day moving average. The strong momentum is supported by positive Bitcoin sentiment and analyst upgrades, but the rapid price appreciation creates significant downside risk if crypto enthusiasm wanes.",0,0,Holding — no order,100000.0,200000.0,,,,
2026-04-16 16:59,NVDA,198.35,8.94,191.09,182.4,92.2,,HOLD,3,short-term (days),,,"NVDA shows extremely overbought conditions with RSI at 92.2, well above the 70 threshold, despite strong upward momentum (+8.9% in 7 days). The explosive rally faces potential correction risk as indicated by recent news headlines questioning sustainability.",0,0,Holding — no order,100000.0,200000.0,,,,
2026-04-16 17:00,AAPL,263.2,1.66,261.08,257.19,68.3,,HOLD,5,short-term (days),,,"AAPL shows mixed signals with price above both moving averages and recent upward momentum, but RSI at 68.3 indicates approaching overbought territory. Recent news suggests tech sector headwinds with 'Magnificent 7' stocks moving lower, creating uncertainty despite the stock's recent strength.",0,0,Holding — no order,100000.0,200000.0,,,,
2026-04-16 17:00,TSLA,388.5,13.18,362.13,361.79,60.9,,HOLD,6,short-term (days),,,"TSLA shows strong recent momentum with +13.2% weekly gain and breakthrough above both SMAs, but the stock has risen significantly from $343 to $388 in just one week. The RSI at 60.9 indicates room to run higher, but the rapid price appreciation and mixed news sentiment suggest waiting for a better entry point or clearer trend confirmation.",0,0,Holding — no order,100000.0,200000.0,,,,
2026-04-16 17:00,META,674.27,10.1,644.79,603.54,96.1,,HOLD,3,short-term (days),,,"META shows extremely overbought conditions with RSI at 96.1, well above the 70 threshold, despite strong upward momentum of +28% over 14 days. The stock is trading significantly above both short-term (SMA-7: $644.79) and medium-term (SMA-14: $603.54) moving averages, indicating potential for a pullback.",0,0,Holding — no order,100000.0,200000.0,,,,
2026-04-16 17:00,AMD,277.4,19.66,250.13,230.13,93.2,,HOLD,3,short-term (days),,,"AMD shows extremely overbought conditions with RSI at 93.2 and a parabolic 19.7% gain in just 7 days, suggesting a significant pullback is likely imminent. While the AI chip narrative and recent breakout are positive catalysts, the technical setup presents too much downside risk for a new position at current levels.",0,0,Holding — no order,100000.0,200000.0,,,,
2026-04-16 17:00,COIN,196.93,12.47,180.53,175.33,81.1,,HOLD,4,short-term (days),,,"COIN shows strong momentum with +12.5% weekly gains driven by Bitcoin's surge near $75k, but the RSI at 81.1 indicates severely overbought conditions. The stock has run up 22% from recent lows to $196.93, suggesting a high probability of near-term pullback despite positive crypto sentiment.",0,0,Holding — no order,100000.0,200000.0,,,,
2026-04-16 22:26,NVDA,198.35,8.94,191.09,182.4,92.2,,HOLD,4,short-term (days),,,"NVDA shows extremely strong momentum with +8.9% weekly gains and positive AI-related news flow, but the RSI of 92.2 indicates severe overbought conditions well above the 70 threshold. The rapid 18.4% rise from recent lows suggests a pullback is likely before any sustainable continuation.",0,0,Holding — no order,100000.0,200000.0,,,,
2026-04-16 22:26,AAPL,263.4,1.74,261.1,257.2,68.7,,HOLD,5,short-term (days),,,"AAPL is showing mixed signals with price above both SMAs indicating uptrend, but RSI at 68.7 suggests potential overbought conditions approaching. Recent news presents conflicting narratives with positive AI developments offset by concerns about TSMC results and policy issues.",0,0,Holding — no order,100000.0,200000.0,,,,
2026-04-16 22:26,TSLA,388.9,13.3,362.18,361.82,61.1,,HOLD,6,short-term (days),,,"While TSLA shows strong recent momentum with +13.3% weekly gains and positive technical signals (price above both SMAs, RSI at 61.1), the stock has experienced high volatility recently with a significant pullback from $381 to $343 before the current rally. The upcoming earnings and SpaceX IPO news provide potential catalysts, but the rapid price appreciation may have reduced the risk-reward ratio at current levels.",0,0,Holding — no order,100000.0,200000.0,,,,
2026-04-16 22:26,META,676.87,10.52,645.16,603.72,96.2,,HOLD,3,short-term (days),,,"META shows extremely overbought conditions with RSI at 96.2 and price 28% above recent lows, indicating high probability of near-term correction. The strong uptrend suggests underlying momentum but entering at these levels presents poor risk-reward ratio.",0,0,Holding — no order,100000.0,200000.0,,,,
2026-04-16 22:27,AMD,278.26,20.03,250.25,230.19,93.3,,HOLD,3,short-term (days),,,"AMD shows strong momentum with +20% gain in 7 days and bullish AI sentiment, but RSI at 93.3 indicates extreme overbought conditions. The rapid price appreciation from $202 to $278 in two weeks suggests high probability of near-term pullback.",0,0,Holding — no order,100000.0,200000.0,,,,
2026-04-16 22:27,COIN,199.82,14.13,180.95,175.54,82.1,,HOLD,4,short-term (days),,,"COIN shows strong momentum with +14.1% weekly gains and positive crypto sentiment, but RSI at 82.1 indicates severe overbought conditions. The rapid 24% surge from $161 to $199 in two weeks suggests a near-term pullback is likely before sustainable upward movement.",0,0,Holding — no order,100000.0,200000.0,,,,
2026-04-17 11:36,NVDA,198.35,8.94,191.09,182.4,92.2,,HOLD,3,short-term (days),,,"NVDA shows strong upward momentum with +8.9% weekly gain and price above both SMAs, but the RSI at 92.2 indicates extreme overbought conditions. The recent quantum computing rally mentioned in news may be creating unsustainable hype-driven price action.",0,0,Holding — no order,100000.0,200000.0,,,,
2026-04-17 11:36,AAPL,263.4,1.74,261.1,257.2,68.7,,HOLD,6,short-term (days),,,"AAPL shows positive momentum with price above both SMAs and recent uptrend, but RSI at 68.7 indicates approaching overbought territory. The recent 6% jump from $258.83 to $266.43 followed by pullback to $263.4 suggests potential consolidation needed before next move.",0,0,Holding — no order,100000.0,200000.0,,,,
2026-04-17 11:36,TSLA,388.9,13.3,362.18,361.82,61.1,,HOLD,6,short-term (days),,,"TSLA shows strong recent momentum with +13.3% weekly gain and price above both SMAs, but the sharp rally from $343 to $389 in just 8 days raises concerns about a potential pullback. RSI at 61.1 indicates neither oversold nor overbought conditions, suggesting the stock could move in either direction.",0,0,Holding — no order,100000.0,200000.0,,,,
2026-04-17 11:36,META,676.87,10.52,645.16,603.72,96.2,,HOLD,3,short-term (days),,,"META shows extremely overbought conditions with RSI at 96.2, well above the 70 threshold, after a massive 28.7% rally over 14 days. The stock is trading significantly above both short-term (SMA-7: $645.16) and medium-term (SMA-14: $603.72) moving averages, indicating unsustainable momentum that typically precedes a correction.",0,0,Holding — no order,100000.0,200000.0,,,,
2026-04-17 11:36,AMD,278.26,20.03,250.25,230.19,93.3,,HOLD,3,short-term (days),,,"AMD shows extremely strong momentum with +20% weekly gains and positive AI-related news, but the RSI at 93.3 indicates severe overbought conditions. The stock has gained 37.8% in just 14 days, suggesting a high probability of near-term pullback or consolidation.",0,0,Holding — no order,100000.0,200000.0,,,,
2026-04-17 11:36,COIN,199.83,14.13,180.95,175.54,82.1,,HOLD,4,short-term (days),,,"COIN shows strong momentum with +14.1% weekly gain and positive crypto sentiment, but RSI at 82.1 indicates severely overbought conditions. The stock has moved aggressively from $161 to $199 in two weeks, suggesting a potential pullback is likely before sustainable upward movement.",0,0,Holding — no order,100000.0,200000.0,,,,
2026-04-17 15:45,NVDA,200.94,9.26,193.79,184.79,98.6,,HOLD,3,short-term (days),,,"NVDA shows extremely strong momentum with +21.6% gain over 14 days, but RSI at 98.6 indicates severe overbought conditions that typically precede corrections. The relentless uptrend without meaningful pullbacks suggests high probability of near-term volatility.",0,0,Holding — no order,100000.0,200000.0,,,,
2026-04-17 15:45,AAPL,271.44,4.2,262.9,258.82,77.6,,HOLD,4,short-term (days),,,"Despite positive news about iPhone shipments surging 20% in China, the RSI of 77.6 indicates significant overbought conditions with the stock up 4.2% in just 7 days. The price has risen nearly 10% from $246.63 to $271.44 over 14 days, suggesting a potential pullback is likely before any sustainable advance.",0,0,Holding — no order,100000.0,200000.0,,,,
2026-04-17 15:45,TSLA,407.21,17.82,371.32,365.06,69.4,,HOLD,6,short-term (days),,,"TSLA shows strong momentum with +17.8% weekly gains and positive earnings expectations, but RSI at 69.4 suggests near-overbought conditions. The stock has rallied 14.6% above its 7-day SMA, indicating potential for near-term pullback despite bullish sentiment.",0,0,Holding — no order,100000.0,200000.0,,,,
2026-04-17 15:45,META,683.16,8.72,655.27,614.97,96.1,,HOLD,3,short-term (days),,,"META shows extremely overbought conditions with RSI at 96.1, well above the 70 threshold, after a dramatic 27% run-up over 14 days. While the uptrend is strong with price well above both SMAs, the risk of a significant pullback is very high at current levels.",0,0,Holding — no order,100000.0,200000.0,,,,
2026-04-17 15:45,AMD,276.56,16.87,256.65,235.52,98.0,,HOLD,3,short-term (days),,,"AMD shows extreme overbought conditions with RSI at 98 and a parabolic 41% gain in 14 days, suggesting high probability of near-term correction. Despite positive AI chip sector momentum, the technical risk-reward is unfavorable at current levels.",0,0,Holding — no order,100000.0,200000.0,,,,
2026-04-17 15:45,COIN,210.73,24.67,186.04,179.08,85.2,,HOLD,4,short-term (days),,,"COIN shows strong momentum with +24.7% in 7 days and positive crypto news flow, but RSI at 85.2 indicates severe overbought conditions. The stock has moved too far too fast, creating high probability of near-term pullback.",0,0,Holding — no order,100000.0,200000.0,,,,
2026-04-17 19:48,NVDA,201.4,9.51,193.85,184.82,98.6,,HOLD,3,short-term (days),,,"NVDA shows extremely overbought conditions with RSI at 98.6, indicating imminent pullback risk despite strong 22% gain over 14 days. The rapid price appreciation from $165 to $201 suggests momentum may be unsustainable in the near term.",0,0,Holding — no order,100000.0,200000.0,,,,
2026-04-17 19:48,AAPL,270.41,3.81,262.75,258.75,77.1,,HOLD,4,short-term (days),,,"AAPL shows strong momentum with 14-day gains of 9.7%, but RSI at 77.1 indicates overbought conditions suggesting a potential pullback. While the uptrend is clear with price above both SMAs, the high RSI and rapid price appreciation create unfavorable risk-reward for new entries at current levels.",0,0,Holding — no order,100000.0,200000.0,,,,
2026-04-17 19:48,TSLA,400.5,15.88,370.36,364.58,67.8,,HOLD,5,short-term (days),,,"TSLA has shown strong momentum with +15.9% gain in 7 days and price above both SMAs, but RSI at 67.8 indicates approaching overbought territory. The rapid price appreciation from $343 to $400 in just 9 days suggests potential for near-term pullback.",0,0,Holding — no order,100000.0,200000.0,,,,
2026-04-17 19:48,META,688.92,9.63,656.09,615.38,96.2,,HOLD,3,short-term (days),,,"META shows extremely overbought conditions with RSI at 96.2, indicating a likely near-term pullback despite the strong uptrend. The upcoming layoffs in May create additional uncertainty that could negatively impact sentiment and stock performance.",0,0,Holding — no order,100000.0,200000.0,,,,
2026-04-17 19:48,AMD,278.01,17.48,256.85,235.62,99.7,,HOLD,3,short-term (days),,,AMD shows extremely overbought conditions with RSI at 99.7 and price 41.8% above 14-day SMA after a parabolic 17.5% move in just 7 days. The technical setup suggests high probability of near-term pullback despite positive momentum.,0,0,Holding — no order,100000.0,200000.0,,,,
2026-04-17 19:48,COIN,205.49,21.58,185.29,178.71,84.0,,HOLD,4,short-term (days),,,"COIN shows strong momentum with a 21.6% gain in 7 days, but the RSI at 84.0 indicates severe overbought conditions. The stock has risen 27.8% from its recent low, suggesting a potential pullback is likely before any sustainable advance.",0,0,Holding — no order,100000.0,200000.0,,,,
2026-04-17 22:24,NVDA,201.68,9.66,193.89,184.84,48.3,,HOLD,6,short-term (days),,,"While NVDA shows strong bullish momentum with MACD hist at 3.0139 and consistent uptrend (+22% over 14 days), the stock is trading at a significant premium to VWAP ($201.68 vs $184.51). The confidence level of 6 falls below the required threshold of 7 for a buy signal despite meeting the MACD criteria.",0,0,Holding — no order,100000.0,200000.0,4.7213,1.7073,3.0139,184.5131
2026-04-17 22:24,AAPL,270.23,3.74,262.72,258.73,54.2,,BUY,7,short-term (days),280.0,255.0,"AAPL shows bullish momentum with MACD histogram at 1.7832 and price trading 4.5% above VWAP, indicating strong buying pressure. The stock has broken above both 7-day and 14-day SMAs with RSI at neutral 54.2, providing room for further upside.",0,0,"Market closed — signal logged, no order placed",100000.0,200000.0,2.1496,0.3664,1.7832,258.8992
2026-04-17 22:24,TSLA,400.62,15.91,370.38,364.59,48.5,,BUY,7,short-term (days),425,375,"TSLA shows strong bullish momentum with MACD histogram turning positive (6.18) indicating momentum shift, price breaking above key moving averages, and strong 15.9% weekly gain. RSI at neutral 48.5 provides room for upside without being overbought.",0,0,"Market closed — signal logged, no order placed",100000.0,200000.0,-3.2538,-9.4385,6.1848,366.4408
2026-04-17 22:24,META,688.55,9.57,656.04,615.35,48.4,,HOLD,6,short-term (days),,,"While MACD histogram shows strong bullish momentum (14.568) and the stock has gained 28.4% over 14 days, META is trading at a significant premium to VWAP ($688.55 vs $609.18) indicating overextension. The upcoming layoffs create fundamental uncertainty that warrants caution despite positive technical momentum.",0,0,Holding — no order,100000.0,200000.0,13.1323,-1.4357,14.568,609.1845
2026-04-17 22:24,AMD,278.39,17.64,256.91,235.65,57.3,,HOLD,6,short-term (days),,,"While AMD shows strong bullish momentum with positive MACD histogram (6.85) and healthy RSI (57.3), the stock has experienced an aggressive 42% rally over 14 days and is trading 18% above VWAP, indicating significant premium pricing. The rapid ascent raises concerns about sustainability despite positive technical indicators.",0,0,Holding — no order,100000.0,200000.0,16.0998,9.2499,6.8499,236.1431
2026-04-17 22:25,COIN,206.33,22.07,185.41,178.77,48.7,,BUY,7,short-term (days),220,185,Strong bullish momentum confirmed by MACD histogram (3.8034) and price breaking above key moving averages. Bitcoin rally and positive crypto sentiment are driving COIN higher with RSI at neutral 48.7 providing room for further upside.,0,0,"Market closed — signal logged, no order placed",100000.0,200000.0,1.8964,-1.9069,3.8034,180.3742
2026-04-20 12:14,NVDA,201.68,9.66,193.89,184.84,48.3,,HOLD,6,short-term (days),,,"While NVDA shows strong bullish momentum with MACD histogram at 3.0139 and sustained uptrend (+22% over 14 days), the stock is trading at a significant premium above VWAP ($201.68 vs $184.56) indicating overvaluation. The recent 9.7% weekly surge suggests potential for near-term consolidation despite positive AI sector sentiment.",0,0,Holding — no order,100000.0,200000.0,4.7213,1.7073,3.0139,184.5622
2026-04-20 12:14,AAPL,270.23,3.74,262.72,258.73,54.2,,HOLD,6,short-term (days),,,"While AAPL shows bullish momentum with MACD hist at 1.78 and price above all moving averages, the stock is trading at a 4.3% premium to VWAP and has gained 9.6% over 14 days. The regulatory issues in India and mixed tech sector news create uncertainty that warrants caution despite positive technical indicators.",0,0,Holding — no order,100000.0,200000.0,2.1496,0.3664,1.7832,259.0161
2026-04-20 12:14,TSLA,400.62,15.91,370.38,364.59,48.5,,HOLD,5,short-term (days),,,"While TSLA shows strong recent momentum (+15.9% in 7 days) and bullish MACD histogram (6.18), the stock is trading at a significant premium to VWAP ($400.62 vs $366.45) after a rapid rally. With earnings due this week and geopolitical tensions creating market uncertainty, waiting for a better entry point is prudent.",0,0,Holding — no order,100000.0,200000.0,-3.2538,-9.4385,6.1848,366.4466
2026-04-20 12:14,META,688.55,9.57,656.04,615.35,48.4,,HOLD,6,short-term (days),,,"While MACD histogram shows strong bullish momentum (14.568) and price is trending upward (+28.4% over 14 days), the stock is trading at a significant premium to VWAP ($688.55 vs $609.50) indicating overvaluation. The upcoming layoffs of 8,000 workers starting May 20 creates near-term uncertainty that warrants caution.",0,0,Holding — no order,100000.0,200000.0,13.1323,-1.4357,14.568,609.5007
2026-04-20 12:14,AMD,278.39,17.64,256.91,235.65,57.3,,HOLD,6,short-term (days),,,"While MACD shows bullish momentum and AI sector news is positive, AMD has surged 42% in 14 days with current price 18% above VWAP, indicating significant premium. The rapid ascent without meaningful pullback suggests elevated risk of correction despite strong fundamentals.",0,0,Holding — no order,100000.0,200000.0,16.0998,9.2499,6.8499,236.1454
2026-04-20 12:14,COIN,206.33,22.07,185.41,178.77,48.7,,HOLD,6,short-term (days),,,"While COIN shows strong bullish momentum with MACD hist at 3.8034 and positive recent performance (+22.1% in 7 days), the stock is trading at a significant premium to VWAP ($206.33 vs $180.43) after a rapid 28% surge from recent lows. The RSI at 48.7 suggests room to move higher, but the extended nature of the recent rally warrants caution.",0,0,Holding — no order,100000.0,200000.0,1.8964,-1.9069,3.8034,180.4266
2026-04-20 16:43,NVDA,199.52,5.78,196.12,187.3,51.5,,HOLD,6,short-term (days),,,"While NVDA shows strong bullish momentum with MACD histogram at 2.75 and price above both SMAs, the stock is trading at a significant premium to VWAP ($199.52 vs $186.80). The recent 14.4% rally from $174.4 to $199.52 suggests potential near-term consolidation risk despite positive momentum indicators.",0,0,Holding — no order,100000.0,200000.0,5.1237,2.3702,2.7535,186.8029
2026-04-20 16:43,AAPL,272.97,4.79,264.51,260.62,54.2,,BUY,7,short-term (days),285.0,258.0,"AAPL shows strong bullish momentum with MACD histogram at 2.09, price trading 4.9% above VWAP indicating premium but justified by uptrend, and RSI at neutral 54.2 leaving room for further upside. The stock has broken above key moving averages with solid 4.8% weekly gain.",2,545.94,T1 mkt 2sh ✅ (9542f8ca) | trail 3.0% (3bf90a96) | T-2% lim 2sh @$267.51 (41bf665d) | T-4% lim 2sh @$262.05 (8f4150f0),100000.0,200000.0,2.8991,0.8106,2.0885,260.294
2026-04-20 16:43,TSLA,392.48,12.47,377.07,367.25,48.6,,HOLD,6,short-term (days),,,"While TSLA shows recent strength with +12.5% weekly gain and positive MACD histogram (6.36) indicating bullish momentum, confidence is below the 7 threshold required for BUY due to mixed signals. Price is trading at a 6.6% premium to VWAP and RSI at neutral 48.6 suggests limited immediate upside.",0,0,Holding — no order,100000.0,200000.0,-1.4172,-7.7784,6.3612,368.335
2026-04-20 16:43,META,672.93,6.84,662.4,625.11,47.6,,BUY,7,medium-term (weeks),750,640,Strong bullish momentum with MACD histogram at 13.102 and price above both 7-day and 14-day SMAs. The recent pullback from $688.55 to $672.93 provides a better entry point while maintaining the uptrend from $572 to current levels.,1,672.93,T1 mkt 1sh ✅ (1abb4455) | trail 3.0% (c185589a) | T-2% lim 1sh @$659.47 (1c052136) | T-4% lim 1sh @$646.01 (fa4fca78),100000.0,200000.0,14.8194,1.7174,13.102,618.7418
2026-04-20 16:43,AMD,274.4,11.98,262.3,241.24,57.0,,HOLD,6,short-term (days),,,"While AMD shows strong bullish momentum with MACD hist at 6.27 and positive analyst targets, the stock has surged 35% in 14 days and is trading 13.7% above VWAP, indicating significant overextension. The cautious approach warrants waiting for a pullback to more reasonable entry levels.",0,0,Holding — no order,100000.0,200000.0,17.1478,10.8747,6.2731,241.3799
2026-04-20 16:43,COIN,205.95,22.7,190.69,182.0,51.4,,HOLD,6,short-term (days),,,"Despite strong bullish MACD momentum (+4.13 hist) and 22.7% weekly gains, COIN is trading at a significant premium to VWAP ($205.95 vs $183.12) after a parabolic move. The RSI at 51.4 shows room to run, but the extended nature of the rally warrants caution for new entries at these levels.",0,0,Holding — no order,100000.0,200000.0,3.4898,-0.6441,4.1339,183.1201
2026-04-20 23:05,NVDA,202.06,7.12,196.49,187.48,46.8,,BUY,7,short-term (days),215,190,"NVDA shows strong bullish momentum with MACD histogram at 2.9153 and price trading 15.5% above VWAP, indicating sustained buying pressure. The stock has gained 15.9% over 14 days with consistent upward trajectory, though RSI at 46.8 suggests room for further upside before overbought conditions.",0,0,"Market closed — signal logged, no order placed",99997.33,196413.88,5.326,2.4107,2.9153,187.2705
2026-04-20 23:05,AAPL,273.05,4.83,264.52,260.62,54.2,,SELL,8,short-term (days),,,"Tim Cook stepping down as CEO in September creates significant leadership uncertainty that could impact stock performance. While technical indicators show bullish momentum, the CEO transition risk outweighs the positive signals, especially given the current small loss position.",0,0,"Market closed — sell signal logged, no order placed",99997.33,196413.88,2.9055,0.8119,2.0936,260.6781
2026-04-20 23:05,TSLA,392.5,12.48,377.08,367.25,48.6,,HOLD,6,short-term (days),,,"Despite strong recent momentum (+12.5% in 7 days) and bullish MACD histogram (6.3628), the stock is trading at a premium to VWAP ($392.5 vs $368.86) suggesting overvaluation. The negative MACD line (-1.4152) indicates underlying weakness despite the recent positive momentum shift.",0,0,Holding — no order,99997.33,196413.88,-1.4152,-7.778,6.3628,368.8602
2026-04-20 23:05,META,670.91,6.52,662.11,624.96,47.3,,HOLD,6,short-term (days),,650.0,"META shows mixed signals with bullish MACD momentum but trading at premium to VWAP ($670.91 vs $619.87). Recent pullback from $688.55 high suggests potential consolidation phase, while RSI at 47.3 indicates neutral territory.",0,0,Holding — no order,99997.33,196413.88,14.6583,1.6852,12.9731,619.8702
2026-04-20 23:05,AMD,274.95,12.21,262.38,241.28,57.2,,HOLD,6,short-term (days),,,"While AMD shows strong bullish momentum with MACD histogram at 6.31 and price above all moving averages, the stock has gained 35% in just 14 trading days and is trading at a significant premium to VWAP ($274.95 vs $242.26). The news warns of semiconductor bubble conditions reminiscent of the dot-com era, suggesting heightened risk of correction.",0,0,Holding — no order,99997.33,196413.88,17.1913,10.8834,6.3079,242.2645
2026-04-20 23:06,COIN,211.63,26.08,191.5,182.4,49.7,,HOLD,5,short-term (days),,,"While COIN shows strong bullish momentum with MACD histogram at 4.4962 and recent 26.1% gain, the stock is trading at a significant premium to VWAP ($211.63 vs $184.25) after such a rapid run-up. The mixed news environment with compliance concerns alongside positive tokenization developments creates uncertainty that warrants caution.",0,0,Holding — no order,99997.33,196413.88,3.9426,-0.5536,4.4962,184.25
2026-04-21 12:08,NVDA,202.06,7.12,196.49,187.48,46.8,,BUY,7,short-term (days),220.0,188.0,"NVDA shows strong bullish momentum with MACD histogram at 2.92 (positive), price above all moving averages, and a solid 7.1% weekly gain. The 15.8% gain over 14 days indicates sustained upward momentum, though trading at 7.9% premium to VWAP suggests some caution on entry timing.",0,0,"Market closed — signal logged, no order placed",100000.29,196416.84,5.326,2.4107,2.9153,187.2776
2026-04-21 12:08,AAPL,273.05,4.83,264.52,260.62,54.2,,HOLD,6,medium-term (weeks),280.0,265.0,"While AAPL shows bullish momentum with MACD hist at 2.09 and price above all moving averages, the recent CEO transition from Tim Cook to John Ternus introduces significant leadership uncertainty. The stock is trading at a 4.7% premium to VWAP, suggesting overvaluation in the near term.",0,0,Holding — no order,100000.29,196416.84,2.9055,0.8119,2.0936,260.7181
2026-04-21 12:08,TSLA,392.5,12.48,377.08,367.25,48.6,,BUY,7,short-term (days),420,375,"TSLA shows strong bullish momentum with MACD histogram turning positive (6.36) indicating trend reversal, supported by 12.5% weekly gain and price trading above all moving averages. Current price above VWAP suggests paying a premium but momentum and upcoming earnings catalyst justify entry.",0,0,"Market closed — signal logged, no order placed",100000.29,196416.84,-1.4152,-7.778,6.3628,368.8745
2026-04-21 12:08,META,670.91,6.52,662.11,624.96,47.3,,SELL,6,short-term (days),,,"Despite strong bullish momentum (MACD hist 12.97) and price above moving averages, the stock has pulled back from recent highs of $688.55 and is trading at a significant premium to VWAP ($670.91 vs $619.91). The current small profit of $1.87 suggests taking profits given the cautious approach warranted by the premium valuation.",0,0,"Market closed — sell signal logged, no order placed",100000.29,196416.84,14.6583,1.6852,12.9731,619.9118
2026-04-21 12:08,AMD,274.95,12.21,262.38,241.28,57.2,,HOLD,6,short-term (days),,,"While AMD shows strong bullish momentum with MACD hist > 0 and price above all moving averages, the stock has rallied 35% in 14 trading days and is trading at a 13.5% premium to VWAP. The cautionary news about semiconductor bubble conditions and recent pause in momentum (slight decline from $278 peak) suggests elevated risk.",0,0,Holding — no order,100000.29,196416.84,17.1913,10.8834,6.3079,242.3097
2026-04-21 12:08,COIN,211.63,26.08,191.5,182.4,49.7,,HOLD,5,short-term (days),,,"While MACD histogram is strongly bullish at 4.4962 and the stock has surged 26.1% in 7 days, the current price of $211.63 represents a significant premium to VWAP ($184.28) and both moving averages. The parabolic move from $167.85 to $211.63 in just 7 days suggests potential overextension despite healthy RSI levels.",0,0,Holding — no order,100000.29,196416.84,3.9426,-0.5536,4.4962,184.2799
2026-04-21 16:36,NVDA,200.15,5.73,198.13,189.32,50.2,,BUY,7,short-term (days),215.0,190.0,"NVDA shows strong bullish momentum with MACD histogram positive at 2.56 and price above both SMA-7 and SMA-14. The stock has gained 13.8% over 14 days with current price at $200.15 trading at premium to VWAP, indicating institutional interest.",3,600.45,T1 mkt 3sh ✅ (eaf22961) | trail 3.0% (a032d19d) | T-2% lim 3sh @$196.15 (65d1a5c3) | T-4% lim 3sh @$192.14 (377464b5),99980.67,196397.22,5.5864,3.0281,2.5582,189.1452
2026-04-21 16:36,AAPL,265.61,2.47,265.25,261.47,51.2,,HOLD,6,medium-term (weeks),275,255,"Mixed signals present - bullish MACD momentum and price above moving averages suggest upward trend, but CEO transition uncertainty and current unrealized loss warrant caution. Technical indicators show mild bullish bias but confidence threshold not met for additional purchases.",0,0,Holding — no order,99980.67,196397.22,2.8572,1.1505,1.7066,261.5123
2026-04-21 16:37,TSLA,389.14,10.42,382.82,368.49,50.6,,BUY,7,short-term (days),420,365,"TSLA shows strong bullish momentum with MACD histogram turning positive (6.0003), indicating a potential trend reversal after the recent consolidation. The stock has recovered well from the $343 low and is trading above both short and medium-term SMAs with healthy RSI at 50.6, suggesting room for further upside.",1,389.14,T1 mkt 1sh ✅ (2dbe20d9) | trail 3.0% (7d4fc820) | T-2% lim 1sh @$381.36 (aeb5b828) | T-4% lim 1sh @$373.57 (d4e9eadd),99980.67,196397.22,-0.2398,-6.2401,6.0003,369.2289
2026-04-21 16:37,META,671.95,5.9,668.13,632.09,46.0,,HOLD,6,short-term (days),685,650,"While MACD histogram shows strong bullish momentum (11.34) and price is above both SMAs, the stock has pulled back from recent highs around $688 and RSI at 46 suggests neutral momentum. The positive news from UBS target upgrade to $908 is encouraging, but the recent pullback warrants caution.",0,0,Holding — no order,99980.67,196397.22,15.7915,4.4522,11.3393,628.4613
2026-04-21 16:37,AMD,283.07,14.68,267.81,246.97,55.4,,HOLD,6,short-term (days),,,"While AMD shows strong bullish momentum with MACD histogram at 6.05 and price trending above all moving averages, the stock has gained 34.7% in just 14 days and is trading at a significant premium to VWAP ($283 vs $248). The RSI at 55.4 suggests room to run, but the rapid price appreciation warrants caution.",0,0,Holding — no order,99980.67,196397.22,18.5114,12.464,6.0474,247.6995
2026-04-21 16:37,COIN,200.73,15.01,196.19,184.27,48.9,,HOLD,6,short-term (days),,,"While MACD shows bullish momentum (hist: 3.99) and the stock has strong upward trend (+15% in 7 days), the current price at $200.73 represents a significant premium to VWAP ($186.12). The recent pullback from $211.63 to $200.73 suggests potential consolidation after the rapid 25% rally from April 10th lows.",0,0,Holding — no order,99980.67,196397.22,4.6365,0.6466,3.9899,186.1245
2026-04-21 22:27,NVDA,199.88,5.58,198.09,189.3,50.0,,HOLD,6,short-term (days),205,195,"NVDA shows bullish momentum with MACD histogram positive at 2.541 and price above both SMAs, but RSI at neutral 50 suggests limited immediate upside. Current position is near break-even with small unrealized loss, making it prudent to hold given upcoming earnings catalyst.",0,0,Holding — no order,99984.83,194022.93,5.5648,3.0238,2.541,189.4364
2026-04-21 22:27,AAPL,266.17,2.69,265.33,261.51,51.6,,HOLD,6,short-term (days),,260.0,"While MACD shows bullish momentum (hist: 1.7421) and price is above both SMAs, the major CEO transition news creates significant uncertainty. Current position is small with minimal loss, and technical indicators are mixed with RSI neutral at 51.6.",0,0,Holding — no order,99984.83,194022.93,2.9015,1.1594,1.7421,261.7617
2026-04-21 22:27,TSLA,386.42,9.65,382.43,368.3,50.0,,HOLD,6,short-term (days),410,375,"TSLA shows mixed signals with bullish MACD histogram (+5.83) and price above VWAP, but confidence remains below 7 threshold for new buys. The stock has recovered strongly from recent lows but faces resistance near $400 level with upcoming earnings creating uncertainty.",0,0,Holding — no order,99984.83,194022.93,-0.4565,-6.2835,5.8269,369.5537
2026-04-21 22:27,META,668.84,5.41,667.68,631.87,48.0,,HOLD,6,short-term (days),,635.0,"META shows mixed signals with bullish MACD momentum (+11.14 hist) and price above VWAP indicating strength, but recent pullback from $688 high and negative news sentiment around AI privacy concerns create uncertainty. RSI at neutral 48 suggests no clear directional bias.",0,0,Holding — no order,99984.83,194022.93,15.5434,4.4026,11.1408,629.4147
2026-04-21 22:27,AMD,284.49,15.26,268.02,247.07,55.8,,HOLD,6,short-term (days),,,"While AMD shows strong bullish momentum with positive MACD histogram (6.14) and the stock trading significantly above both SMAs, the 35% surge in just 14 days raises overheating concerns. The stock is trading at a 14% premium to VWAP ($284.49 vs $249.04), suggesting elevated risk of near-term pullback despite healthy RSI at 55.8.",0,0,Holding — no order,99984.83,194022.93,18.625,12.4867,6.1383,249.0422
2026-04-21 22:28,COIN,195.95,12.27,195.51,183.93,47.5,,HOLD,4,short-term (days),,,"Despite bullish MACD momentum, COIN faces significant headwinds with recent 7% drop and serious regulatory challenges including New York State lawsuit for 'illegal gambling'. The stock is trading at a premium to VWAP ($195.95 vs $186.36) after a volatile rally, suggesting elevated risk.",0,0,Holding — no order,99984.83,194022.93,4.2552,0.5703,3.6849,186.3563
2026-04-22 11:46,NVDA,199.88,5.58,198.09,189.3,50.0,,HOLD,6,short-term (days),205,195,"NVDA shows mixed signals with bullish MACD momentum (+2.541 histogram) and strong recent performance (+5.6% weekly), but current price ($199.88) trades at a premium to VWAP ($189.44) and near resistance levels. RSI at neutral 50 suggests no clear directional bias, warranting caution despite positive momentum indicators.",0,0,Holding — no order,99987.9,194025.99,5.5648,3.0238,2.541,189.4384
2026-04-22 11:47,AAPL,266.17,2.69,265.33,261.51,51.6,,HOLD,6,short-term (days),275,255,"AAPL shows mixed signals with bullish MACD momentum (+1.74 hist) and price above short-term SMA, but recent pullback from $273 high and current small loss position warrant caution. Leadership transition news creates near-term uncertainty despite positive technical setup.",0,0,Holding — no order,99987.9,194025.99,2.9015,1.1594,1.7421,261.7676
2026-04-22 11:47,TSLA,386.42,9.65,382.43,368.3,50.0,,HOLD,6,short-term (days),400,370,"TSLA shows mixed signals with strong recent recovery (+9.7% in 7 days) and bullish MACD histogram (5.8269), but earnings volatility ahead creates uncertainty. Current price above VWAP indicates premium valuation, and neutral RSI suggests no immediate momentum extremes.",0,0,Holding — no order,99987.9,194025.99,-0.4565,-6.2835,5.8269,369.5557
2026-04-22 11:47,META,668.84,5.41,667.68,631.87,48.0,,HOLD,6,short-term (days),,640.0,META shows mixed signals with bullish MACD momentum (+11.14 histogram) but recent pullback from $688 high and neutral RSI at 48. Price trading at premium to VWAP ($668.84 vs $629.42) suggests caution despite positive technical momentum.,0,0,Holding — no order,99987.9,194025.99,15.5434,4.4026,11.1408,629.4237
2026-04-22 11:47,AMD,284.49,15.26,268.02,247.07,55.8,,HOLD,6,short-term (days),,,"While AMD shows strong bullish momentum with MACD histogram at 6.14 and price trending well above SMAs, the stock has surged 35% in just 14 days and is trading at a 14% premium to VWAP. The RSI at 55.8 suggests room to run, but the rapid price acceleration warrants caution given upcoming earnings season volatility.",0,0,Holding — no order,99987.9,194025.99,18.625,12.4867,6.1383,249.1134
2026-04-22 11:47,COIN,195.95,12.27,195.51,183.93,47.5,,HOLD,5,short-term (days),,,"Despite bullish MACD momentum (hist: 3.68), the stock shows extreme volatility with a sharp rally from $167 to $211 followed by a significant pullback to $195. The current price is trading at a 5% premium to VWAP, and recent negative news regarding NY lawsuit creates substantial regulatory uncertainty.",0,0,Holding — no order,99987.9,194025.99,4.2552,0.5703,3.6849,186.3697
